<?xml version="1.0"?>
<Vehicle menyoo_ver="0.999874b">
	<ModelHash>0x00675ed7</ModelHash>
	<InitialHandle>646690</InitialHandle>
	<VehicleProperties>
		<Colours>
			<Primary>27</Primary>
			<Secondary>12</Secondary>
			<Pearl>0</Pearl>
			<Rim>111</Rim>
			<Mod1_a>6</Mod1_a>
			<Mod1_b>-1</Mod1_b>
			<Mod1_c>-1</Mod1_c>
			<Mod2_a>6</Mod2_a>
			<Mod2_b>-1</Mod2_b>
			<IsPrimaryColourCustom>false</IsPrimaryColourCustom>
			<IsSecondaryColourCustom>false</IsSecondaryColourCustom>
			<tyreSmoke_R>255</tyreSmoke_R>
			<tyreSmoke_G>255</tyreSmoke_G>
			<tyreSmoke_B>255</tyreSmoke_B>
			<LrInterior>111</LrInterior>
			<LrDashboard>111</LrDashboard>
		</Colours>
		<Livery>-1</Livery>
		<NumberPlateText />
		<NumberPlateIndex>1</NumberPlateIndex>
		<WheelType>0</WheelType>
		<WheelsInvisible>false</WheelsInvisible>
		<EngineSoundName>NIGHTBLADE</EngineSoundName>
		<WindowTint>-1</WindowTint>
		<BulletProofTyres>true</BulletProofTyres>
		<DirtLevel>15</DirtLevel>
		<PaintFade>0.011764707</PaintFade>
		<RoofState>0</RoofState>
		<SirenActive>false</SirenActive>
		<EngineOn>true</EngineOn>
		<EngineHealth>1000</EngineHealth>
		<LightsOn>true</LightsOn>
		<IsRadioLoud>0</IsRadioLoud>
		<Neons>
			<Left>false</Left>
			<Right>false</Right>
			<Front>false</Front>
			<Back>false</Back>
			<R>255</R>
			<G>0</G>
			<B>255</B>
		</Neons>
		<ModExtras />
		<Mods>
			<_0>5,0</_0>
			<_1>2,0</_1>
			<_2>-1,0</_2>
			<_3>3,0</_3>
			<_4>2,0</_4>
			<_5>-1,0</_5>
			<_6>-1,0</_6>
			<_7>0,0</_7>
			<_8>7,0</_8>
			<_9>-1,0</_9>
			<_10>6,0</_10>
			<_11>3,0</_11>
			<_12>2,0</_12>
			<_13>2,0</_13>
			<_14>-1,0</_14>
			<_15>-1,0</_15>
			<_16>4,0</_16>
			<_17>false</_17>
			<_18>true</_18>
			<_19>false</_19>
			<_20>false</_20>
			<_21>false</_21>
			<_22>true</_22>
			<_23>-1,0</_23>
			<_24>-1,0</_24>
			<_25>-1,0</_25>
			<_26>-1,0</_26>
			<_27>-1,0</_27>
			<_28>-1,0</_28>
			<_29>-1,0</_29>
			<_30>-1,0</_30>
			<_31>-1,0</_31>
			<_32>-1,0</_32>
			<_33>-1,0</_33>
			<_34>-1,0</_34>
			<_35>-1,0</_35>
			<_36>-1,0</_36>
			<_37>-1,0</_37>
			<_38>-1,0</_38>
			<_39>-1,0</_39>
			<_40>-1,0</_40>
			<_41>-1,0</_41>
			<_42>-1,0</_42>
			<_43>-1,0</_43>
			<_44>-1,0</_44>
			<_45>-1,0</_45>
			<_46>-1,0</_46>
			<_47>-1,0</_47>
			<_48>11,0</_48>
		</Mods>
		<DoorsOpen>
			<BackLeftDoor>false</BackLeftDoor>
			<BackRightDoor>false</BackRightDoor>
			<FrontLeftDoor>false</FrontLeftDoor>
			<FrontRightDoor>false</FrontRightDoor>
			<Hood>false</Hood>
			<Trunk>false</Trunk>
			<Trunk2>false</Trunk2>
		</DoorsOpen>
		<DoorsBroken>
			<BackLeftDoor>false</BackLeftDoor>
			<BackRightDoor>false</BackRightDoor>
			<FrontLeftDoor>false</FrontLeftDoor>
			<FrontRightDoor>false</FrontRightDoor>
			<Hood>false</Hood>
			<Trunk>false</Trunk>
			<Trunk2>false</Trunk2>
		</DoorsBroken>
		<TyresBursted>
			<FrontLeft>false</FrontLeft>
			<FrontRight>false</FrontRight>
			<_2>false</_2>
			<_3>false</_3>
			<BackLeft>false</BackLeft>
			<BackRight>false</BackRight>
			<_6>false</_6>
			<_7>false</_7>
			<_8>false</_8>
		</TyresBursted>
		<RpmMultiplier>1</RpmMultiplier>
		<TorqueMultiplier>1</TorqueMultiplier>
		<HeadlightIntensity>1</HeadlightIntensity>
	</VehicleProperties>
	<OpacityLevel>255</OpacityLevel>
	<LodDistance>500</LodDistance>
	<IsVisible>true</IsVisible>
	<IsDriverVisible>true</IsDriverVisible>
	<MaxHealth>1000</MaxHealth>
	<Health>1000</Health>
	<HasGravity>true</HasGravity>
	<IsOnFire>false</IsOnFire>
	<IsInvincible>true</IsInvincible>
	<IsBulletProof>true</IsBulletProof>
	<IsExplosionProof>true</IsExplosionProof>
	<IsFireProof>false</IsFireProof>
	<IsMeleeProof>true</IsMeleeProof>
	<IsOnlyDamagedByPlayer>false</IsOnlyDamagedByPlayer>
	<SpoonerAttachments SetAttachmentsPersistentAndAddToSpoonerDatabase="true" StartTaskSequencesOnLoad="true">
		<Attachment>
			<ModelHash>0x139d311f</ModelHash>
			<Type>3</Type>
			<Dynamic>false</Dynamic>
			<FrozenPos>true</FrozenPos>
			<HashName>prop_hose_nozzle</HashName>
			<InitialHandle>187726</InitialHandle>
			<ObjectProperties>
				<TextureVariation>0</TextureVariation>
			</ObjectProperties>
			<OpacityLevel>255</OpacityLevel>
			<LodDistance>16960</LodDistance>
			<IsVisible>true</IsVisible>
			<MaxHealth>1000</MaxHealth>
			<Health>0</Health>
			<HasGravity>true</HasGravity>
			<IsOnFire>false</IsOnFire>
			<IsInvincible>true</IsInvincible>
			<IsBulletProof>false</IsBulletProof>
			<IsCollisionProof>true</IsCollisionProof>
			<IsExplosionProof>true</IsExplosionProof>
			<IsFireProof>true</IsFireProof>
			<IsMeleeProof>true</IsMeleeProof>
			<IsOnlyDamagedByPlayer>false</IsOnlyDamagedByPlayer>
			<PositionRotation>
				<X>89.0014572</X>
				<Y>-1510.3573</Y>
				<Z>28.6926231</Z>
				<Pitch>0.699079037</Pitch>
				<Roll>-89.9480591</Roll>
				<Yaw>-137.621262</Yaw>
			</PositionRotation>
			<Attachment isAttached="true">
				<AttachedTo>646690</AttachedTo>
				<BoneIndex>28</BoneIndex>
				<X>0.159999996</X>
				<Y>0.0399999991</Y>
				<Z>-0.699999928</Z>
				<Pitch>136.999985</Pitch>
				<Roll>89.9999847</Roll>
				<Yaw>0</Yaw>
			</Attachment>
		</Attachment>
		<Attachment>
			<ModelHash>0xa7c34b30</ModelHash>
			<Type>3</Type>
			<Dynamic>false</Dynamic>
			<FrozenPos>true</FrozenPos>
			<HashName>hei_prop_hei_hose_nozzle</HashName>
			<InitialHandle>235828</InitialHandle>
			<ObjectProperties>
				<TextureVariation>0</TextureVariation>
			</ObjectProperties>
			<OpacityLevel>255</OpacityLevel>
			<LodDistance>16960</LodDistance>
			<IsVisible>true</IsVisible>
			<MaxHealth>1000</MaxHealth>
			<Health>0</Health>
			<HasGravity>true</HasGravity>
			<IsOnFire>false</IsOnFire>
			<IsInvincible>true</IsInvincible>
			<IsBulletProof>false</IsBulletProof>
			<IsCollisionProof>true</IsCollisionProof>
			<IsExplosionProof>true</IsExplosionProof>
			<IsFireProof>true</IsFireProof>
			<IsMeleeProof>true</IsMeleeProof>
			<IsOnlyDamagedByPlayer>false</IsOnlyDamagedByPlayer>
			<PositionRotation>
				<X>89.0334396</X>
				<Y>-1510.63049</Y>
				<Z>29.2366238</Z>
				<Pitch>0.0519464724</Pitch>
				<Roll>-2.69898891</Roll>
				<Yaw>-47.6206169</Yaw>
			</PositionRotation>
			<Attachment isAttached="true">
				<AttachedTo>646690</AttachedTo>
				<BoneIndex>38</BoneIndex>
				<X>0</X>
				<Y>-0.00999999978</Y>
				<Z>0.0150000006</Z>
				<Pitch>0</Pitch>
				<Roll>0</Roll>
				<Yaw>-89.9999924</Yaw>
			</Attachment>
		</Attachment>
		<Attachment>
			<ModelHash>0x139d311f</ModelHash>
			<Type>3</Type>
			<Dynamic>false</Dynamic>
			<FrozenPos>true</FrozenPos>
			<HashName>prop_hose_nozzle</HashName>
			<InitialHandle>246091</InitialHandle>
			<ObjectProperties>
				<TextureVariation>0</TextureVariation>
			</ObjectProperties>
			<OpacityLevel>255</OpacityLevel>
			<LodDistance>16960</LodDistance>
			<IsVisible>true</IsVisible>
			<MaxHealth>1000</MaxHealth>
			<Health>0</Health>
			<HasGravity>true</HasGravity>
			<IsOnFire>false</IsOnFire>
			<IsInvincible>true</IsInvincible>
			<IsBulletProof>false</IsBulletProof>
			<IsCollisionProof>true</IsCollisionProof>
			<IsExplosionProof>true</IsExplosionProof>
			<IsFireProof>true</IsFireProof>
			<IsMeleeProof>true</IsMeleeProof>
			<IsOnlyDamagedByPlayer>false</IsOnlyDamagedByPlayer>
			<PositionRotation>
				<X>88.7650757</X>
				<Y>-1510.573</Y>
				<Z>28.6923332</Z>
				<Pitch>0.699068487</Pitch>
				<Roll>90.0519333</Roll>
				<Yaw>-137.621262</Yaw>
			</PositionRotation>
			<Attachment isAttached="true">
				<AttachedTo>646690</AttachedTo>
				<BoneIndex>28</BoneIndex>
				<X>-0.159999996</X>
				<Y>0.0399999991</Y>
				<Z>-0.699999928</Z>
				<Pitch>136.999985</Pitch>
				<Roll>-90.0000153</Roll>
				<Yaw>0</Yaw>
			</Attachment>
		</Attachment>
		<Attachment>
			<ModelHash>0xa7c34b30</ModelHash>
			<Type>3</Type>
			<Dynamic>false</Dynamic>
			<FrozenPos>true</FrozenPos>
			<HashName>hei_prop_hei_hose_nozzle</HashName>
			<InitialHandle>155717</InitialHandle>
			<ObjectProperties>
				<TextureVariation>0</TextureVariation>
			</ObjectProperties>
			<OpacityLevel>255</OpacityLevel>
			<LodDistance>16960</LodDistance>
			<IsVisible>true</IsVisible>
			<MaxHealth>1000</MaxHealth>
			<Health>0</Health>
			<HasGravity>true</HasGravity>
			<IsOnFire>false</IsOnFire>
			<IsInvincible>true</IsInvincible>
			<IsBulletProof>false</IsBulletProof>
			<IsCollisionProof>true</IsCollisionProof>
			<IsExplosionProof>true</IsExplosionProof>
			<IsFireProof>true</IsFireProof>
			<IsMeleeProof>true</IsMeleeProof>
			<IsOnlyDamagedByPlayer>false</IsOnlyDamagedByPlayer>
			<PositionRotation>
				<X>89.0469055</X>
				<Y>-1510.64526</Y>
				<Z>29.237566</Z>
				<Pitch>-87.3004913</Pitch>
				<Roll>-88.8966827</Roll>
				<Yaw>-136.518539</Yaw>
			</PositionRotation>
			<Attachment isAttached="true">
				<AttachedTo>646690</AttachedTo>
				<BoneIndex>38</BoneIndex>
				<X>0</X>
				<Y>-0.0300000086</Y>
				<Z>0.0150000006</Z>
				<Pitch>-89.9999924</Pitch>
				<Roll>0</Roll>
				<Yaw>-89.9999924</Yaw>
			</Attachment>
		</Attachment>
		<Attachment>
			<ModelHash>0x7a8d1fa9</ModelHash>
			<Type>3</Type>
			<Dynamic>false</Dynamic>
			<FrozenPos>true</FrozenPos>
			<HashName>prop_cs_gascutter_2</HashName>
			<InitialHandle>226629</InitialHandle>
			<ObjectProperties>
				<TextureVariation>0</TextureVariation>
			</ObjectProperties>
			<OpacityLevel>255</OpacityLevel>
			<LodDistance>16960</LodDistance>
			<IsVisible>true</IsVisible>
			<MaxHealth>1000</MaxHealth>
			<Health>0</Health>
			<HasGravity>true</HasGravity>
			<IsOnFire>false</IsOnFire>
			<IsInvincible>true</IsInvincible>
			<IsBulletProof>false</IsBulletProof>
			<IsCollisionProof>false</IsCollisionProof>
			<IsExplosionProof>true</IsExplosionProof>
			<IsFireProof>true</IsFireProof>
			<IsMeleeProof>true</IsMeleeProof>
			<IsOnlyDamagedByPlayer>false</IsOnlyDamagedByPlayer>
			<PositionRotation>
				<X>89.9314423</X>
				<Y>-1511.61841</Y>
				<Z>28.7621136</Z>
				<Pitch>57.3008041</Pitch>
				<Roll>-0.0961590484</Roll>
				<Yaw>42.4602814</Yaw>
			</PositionRotation>
			<Attachment isAttached="true">
				<AttachedTo>646690</AttachedTo>
				<BoneIndex>3</BoneIndex>
				<X>-0.00300000049</X>
				<Y>-0.800000668</Y>
				<Z>-0.409000069</Z>
				<Pitch>60</Pitch>
				<Roll>0</Roll>
				<Yaw>0</Yaw>
			</Attachment>
		</Attachment>
		<Attachment>
			<ModelHash>0xfc8fc916</ModelHash>
			<Type>3</Type>
			<Dynamic>false</Dynamic>
			<FrozenPos>true</FrozenPos>
			<HashName>prop_tyre_spike_01</HashName>
			<InitialHandle>540498</InitialHandle>
			<ObjectProperties>
				<TextureVariation>0</TextureVariation>
			</ObjectProperties>
			<OpacityLevel>255</OpacityLevel>
			<LodDistance>16960</LodDistance>
			<IsVisible>true</IsVisible>
			<MaxHealth>1000</MaxHealth>
			<Health>205</Health>
			<HasGravity>true</HasGravity>
			<IsOnFire>false</IsOnFire>
			<IsInvincible>true</IsInvincible>
			<IsBulletProof>false</IsBulletProof>
			<IsCollisionProof>false</IsCollisionProof>
			<IsExplosionProof>true</IsExplosionProof>
			<IsFireProof>true</IsFireProof>
			<IsMeleeProof>true</IsMeleeProof>
			<IsOnlyDamagedByPlayer>false</IsOnlyDamagedByPlayer>
			<PositionRotation>
				<X>90.3245239</X>
				<Y>-1511.39685</Y>
				<Z>29.0253258</Z>
				<Pitch>-17.7990341</Pitch>
				<Roll>39.9454155</Roll>
				<Yaw>42.3626747</Yaw>
			</PositionRotation>
			<Attachment isAttached="true">
				<AttachedTo>646690</AttachedTo>
				<BoneIndex>48</BoneIndex>
				<X>0.437000811</X>
				<Y>-0.78000015</Y>
				<Z>0.230000168</Z>
				<Pitch>-15.1000004</Pitch>
				<Roll>40.0000038</Roll>
				<Yaw>0</Yaw>
			</Attachment>
		</Attachment>
		<Attachment>
			<ModelHash>0xfc8fc916</ModelHash>
			<Type>3</Type>
			<Dynamic>false</Dynamic>
			<FrozenPos>true</FrozenPos>
			<HashName>prop_tyre_spike_01</HashName>
			<InitialHandle>303435</InitialHandle>
			<ObjectProperties>
				<TextureVariation>0</TextureVariation>
			</ObjectProperties>
			<OpacityLevel>255</OpacityLevel>
			<LodDistance>16960</LodDistance>
			<IsVisible>true</IsVisible>
			<MaxHealth>1000</MaxHealth>
			<Health>346</Health>
			<HasGravity>true</HasGravity>
			<IsOnFire>false</IsOnFire>
			<IsInvincible>true</IsInvincible>
			<IsBulletProof>false</IsBulletProof>
			<IsCollisionProof>false</IsCollisionProof>
			<IsExplosionProof>true</IsExplosionProof>
			<IsFireProof>true</IsFireProof>
			<IsMeleeProof>true</IsMeleeProof>
			<IsOnlyDamagedByPlayer>false</IsOnlyDamagedByPlayer>
			<PositionRotation>
				<X>90.438652</X>
				<Y>-1511.52197</Y>
				<Z>29.0433197</Z>
				<Pitch>8.20095634</Pitch>
				<Roll>39.9474945</Roll>
				<Yaw>42.3868523</Yaw>
			</PositionRotation>
			<Attachment isAttached="true">
				<AttachedTo>646690</AttachedTo>
				<BoneIndex>48</BoneIndex>
				<X>0.437000811</X>
				<Y>-0.949999988</Y>
				<Z>0.240000173</Z>
				<Pitch>10.9000015</Pitch>
				<Roll>40.0000038</Roll>
				<Yaw>0</Yaw>
			</Attachment>
		</Attachment>
		<Attachment>
			<ModelHash>0xfc8fc916</ModelHash>
			<Type>3</Type>
			<Dynamic>false</Dynamic>
			<FrozenPos>true</FrozenPos>
			<HashName>prop_tyre_spike_01</HashName>
			<InitialHandle>569676</InitialHandle>
			<ObjectProperties>
				<TextureVariation>0</TextureVariation>
			</ObjectProperties>
			<OpacityLevel>255</OpacityLevel>
			<LodDistance>16960</LodDistance>
			<IsVisible>true</IsVisible>
			<MaxHealth>1000</MaxHealth>
			<Health>85</Health>
			<HasGravity>true</HasGravity>
			<IsOnFire>false</IsOnFire>
			<IsInvincible>true</IsInvincible>
			<IsBulletProof>false</IsBulletProof>
			<IsCollisionProof>false</IsCollisionProof>
			<IsExplosionProof>true</IsExplosionProof>
			<IsFireProof>true</IsFireProof>
			<IsMeleeProof>true</IsMeleeProof>
			<IsOnlyDamagedByPlayer>false</IsOnlyDamagedByPlayer>
			<PositionRotation>
				<X>90.5486374</X>
				<Y>-1511.64233</Y>
				<Z>28.9809322</Z>
				<Pitch>38.2009468</Pitch>
				<Roll>39.9338722</Roll>
				<Yaw>42.4202576</Yaw>
			</PositionRotation>
			<Attachment isAttached="true">
				<AttachedTo>646690</AttachedTo>
				<BoneIndex>48</BoneIndex>
				<X>0.437000811</X>
				<Y>-1.1099999</Y>
				<Z>0.170000136</Z>
				<Pitch>40.9000015</Pitch>
				<Roll>40.0000038</Roll>
				<Yaw>0</Yaw>
			</Attachment>
		</Attachment>
		<Attachment>
			<ModelHash>0xfc8fc916</ModelHash>
			<Type>3</Type>
			<Dynamic>false</Dynamic>
			<FrozenPos>true</FrozenPos>
			<HashName>prop_tyre_spike_01</HashName>
			<InitialHandle>142151</InitialHandle>
			<ObjectProperties>
				<TextureVariation>0</TextureVariation>
			</ObjectProperties>
			<OpacityLevel>255</OpacityLevel>
			<LodDistance>16960</LodDistance>
			<IsVisible>true</IsVisible>
			<MaxHealth>1000</MaxHealth>
			<Health>0</Health>
			<HasGravity>true</HasGravity>
			<IsOnFire>false</IsOnFire>
			<IsInvincible>true</IsInvincible>
			<IsBulletProof>false</IsBulletProof>
			<IsCollisionProof>false</IsCollisionProof>
			<IsExplosionProof>true</IsExplosionProof>
			<IsFireProof>true</IsFireProof>
			<IsMeleeProof>true</IsMeleeProof>
			<IsOnlyDamagedByPlayer>false</IsOnlyDamagedByPlayer>
			<PositionRotation>
				<X>90.6124725</X>
				<Y>-1511.71216</Y>
				<Z>28.8852806</Z>
				<Pitch>61.2009163</Pitch>
				<Roll>39.8921356</Roll>
				<Yaw>42.473877</Yaw>
			</PositionRotation>
			<Attachment isAttached="true">
				<AttachedTo>646690</AttachedTo>
				<BoneIndex>48</BoneIndex>
				<X>0.437000811</X>
				<Y>-1.19999993</Y>
				<Z>0.0700000823</Z>
				<Pitch>63.9000015</Pitch>
				<Roll>40.0000038</Roll>
				<Yaw>0</Yaw>
			</Attachment>
		</Attachment>
		<Attachment>
			<ModelHash>0xfc8fc916</ModelHash>
			<Type>3</Type>
			<Dynamic>false</Dynamic>
			<FrozenPos>true</FrozenPos>
			<HashName>prop_tyre_spike_01</HashName>
			<InitialHandle>106062</InitialHandle>
			<ObjectProperties>
				<TextureVariation>0</TextureVariation>
			</ObjectProperties>
			<OpacityLevel>255</OpacityLevel>
			<LodDistance>16960</LodDistance>
			<IsVisible>true</IsVisible>
			<MaxHealth>1000</MaxHealth>
			<Health>0</Health>
			<HasGravity>true</HasGravity>
			<IsOnFire>false</IsOnFire>
			<IsInvincible>true</IsInvincible>
			<IsBulletProof>false</IsBulletProof>
			<IsCollisionProof>false</IsCollisionProof>
			<IsExplosionProof>true</IsExplosionProof>
			<IsFireProof>true</IsFireProof>
			<IsMeleeProof>true</IsMeleeProof>
			<IsOnlyDamagedByPlayer>false</IsOnlyDamagedByPlayer>
			<PositionRotation>
				<X>89.9624176</X>
				<Y>-1512.3053</Y>
				<Z>28.8844833</Z>
				<Pitch>61.2009163</Pitch>
				<Roll>39.8921356</Roll>
				<Yaw>42.473877</Yaw>
			</PositionRotation>
			<Attachment isAttached="true">
				<AttachedTo>646690</AttachedTo>
				<BoneIndex>48</BoneIndex>
				<X>-0.442999303</X>
				<Y>-1.19999993</Y>
				<Z>0.0700000823</Z>
				<Pitch>63.9000015</Pitch>
				<Roll>40.0000038</Roll>
				<Yaw>0</Yaw>
			</Attachment>
		</Attachment>
		<Attachment>
			<ModelHash>0xfc8fc916</ModelHash>
			<Type>3</Type>
			<Dynamic>false</Dynamic>
			<FrozenPos>true</FrozenPos>
			<HashName>prop_tyre_spike_01</HashName>
			<InitialHandle>545354</InitialHandle>
			<ObjectProperties>
				<TextureVariation>0</TextureVariation>
			</ObjectProperties>
			<OpacityLevel>255</OpacityLevel>
			<LodDistance>16960</LodDistance>
			<IsVisible>true</IsVisible>
			<MaxHealth>1000</MaxHealth>
			<Health>0</Health>
			<HasGravity>true</HasGravity>
			<IsOnFire>false</IsOnFire>
			<IsInvincible>true</IsInvincible>
			<IsBulletProof>false</IsBulletProof>
			<IsCollisionProof>false</IsCollisionProof>
			<IsExplosionProof>true</IsExplosionProof>
			<IsFireProof>true</IsFireProof>
			<IsMeleeProof>true</IsMeleeProof>
			<IsOnlyDamagedByPlayer>false</IsOnlyDamagedByPlayer>
			<PositionRotation>
				<X>89.8985901</X>
				<Y>-1512.23547</Y>
				<Z>28.980135</Z>
				<Pitch>38.2009468</Pitch>
				<Roll>39.9338722</Roll>
				<Yaw>42.4202576</Yaw>
			</PositionRotation>
			<Attachment isAttached="true">
				<AttachedTo>646690</AttachedTo>
				<BoneIndex>48</BoneIndex>
				<X>-0.442999065</X>
				<Y>-1.1099999</Y>
				<Z>0.170000136</Z>
				<Pitch>40.9000015</Pitch>
				<Roll>40.0000038</Roll>
				<Yaw>0</Yaw>
			</Attachment>
		</Attachment>
		<Attachment>
			<ModelHash>0xfc8fc916</ModelHash>
			<Type>3</Type>
			<Dynamic>false</Dynamic>
			<FrozenPos>true</FrozenPos>
			<HashName>prop_tyre_spike_01</HashName>
			<InitialHandle>238408</InitialHandle>
			<ObjectProperties>
				<TextureVariation>0</TextureVariation>
			</ObjectProperties>
			<OpacityLevel>255</OpacityLevel>
			<LodDistance>16960</LodDistance>
			<IsVisible>true</IsVisible>
			<MaxHealth>1000</MaxHealth>
			<Health>0</Health>
			<HasGravity>true</HasGravity>
			<IsOnFire>false</IsOnFire>
			<IsInvincible>true</IsInvincible>
			<IsBulletProof>false</IsBulletProof>
			<IsCollisionProof>false</IsCollisionProof>
			<IsExplosionProof>true</IsExplosionProof>
			<IsFireProof>true</IsFireProof>
			<IsMeleeProof>true</IsMeleeProof>
			<IsOnlyDamagedByPlayer>false</IsOnlyDamagedByPlayer>
			<PositionRotation>
				<X>89.7885971</X>
				<Y>-1512.11511</Y>
				<Z>29.0425224</Z>
				<Pitch>8.20095634</Pitch>
				<Roll>39.9474945</Roll>
				<Yaw>42.3868523</Yaw>
			</PositionRotation>
			<Attachment isAttached="true">
				<AttachedTo>646690</AttachedTo>
				<BoneIndex>48</BoneIndex>
				<X>-0.442999065</X>
				<Y>-0.949999988</Y>
				<Z>0.240000173</Z>
				<Pitch>10.9000015</Pitch>
				<Roll>40.0000038</Roll>
				<Yaw>0</Yaw>
			</Attachment>
		</Attachment>
		<Attachment>
			<ModelHash>0xfc8fc916</ModelHash>
			<Type>3</Type>
			<Dynamic>false</Dynamic>
			<FrozenPos>true</FrozenPos>
			<HashName>prop_tyre_spike_01</HashName>
			<InitialHandle>734536</InitialHandle>
			<ObjectProperties>
				<TextureVariation>0</TextureVariation>
			</ObjectProperties>
			<OpacityLevel>255</OpacityLevel>
			<LodDistance>16960</LodDistance>
			<IsVisible>true</IsVisible>
			<MaxHealth>1000</MaxHealth>
			<Health>0</Health>
			<HasGravity>true</HasGravity>
			<IsOnFire>false</IsOnFire>
			<IsInvincible>true</IsInvincible>
			<IsBulletProof>false</IsBulletProof>
			<IsCollisionProof>false</IsCollisionProof>
			<IsExplosionProof>true</IsExplosionProof>
			<IsFireProof>true</IsFireProof>
			<IsMeleeProof>true</IsMeleeProof>
			<IsOnlyDamagedByPlayer>false</IsOnlyDamagedByPlayer>
			<PositionRotation>
				<X>89.674469</X>
				<Y>-1511.98999</Y>
				<Z>29.0245285</Z>
				<Pitch>-17.7990341</Pitch>
				<Roll>39.9454155</Roll>
				<Yaw>42.3626747</Yaw>
			</PositionRotation>
			<Attachment isAttached="true">
				<AttachedTo>646690</AttachedTo>
				<BoneIndex>48</BoneIndex>
				<X>-0.442999065</X>
				<Y>-0.78000015</Y>
				<Z>0.230000168</Z>
				<Pitch>-15.1000004</Pitch>
				<Roll>40.0000038</Roll>
				<Yaw>0</Yaw>
			</Attachment>
		</Attachment>
		<Attachment>
			<ModelHash>0x710841e5</ModelHash>
			<Type>3</Type>
			<Dynamic>false</Dynamic>
			<FrozenPos>true</FrozenPos>
			<HashName>prop_scaffold_pole</HashName>
			<InitialHandle>621379</InitialHandle>
			<ObjectProperties>
				<TextureVariation>0</TextureVariation>
			</ObjectProperties>
			<OpacityLevel>255</OpacityLevel>
			<LodDistance>16960</LodDistance>
			<IsVisible>true</IsVisible>
			<MaxHealth>1000</MaxHealth>
			<Health>0</Health>
			<HasGravity>true</HasGravity>
			<IsOnFire>false</IsOnFire>
			<IsInvincible>true</IsInvincible>
			<IsBulletProof>false</IsBulletProof>
			<IsCollisionProof>false</IsCollisionProof>
			<IsExplosionProof>true</IsExplosionProof>
			<IsFireProof>true</IsFireProof>
			<IsMeleeProof>true</IsMeleeProof>
			<IsOnlyDamagedByPlayer>false</IsOnlyDamagedByPlayer>
			<PositionRotation>
				<X>90.0105743</X>
				<Y>-1511.84937</Y>
				<Z>28.9705563</Z>
				<Pitch>18.3009472</Pitch>
				<Roll>8.62529469</Roll>
				<Yaw>42.3965454</Yaw>
			</PositionRotation>
			<Attachment isAttached="true">
				<AttachedTo>646690</AttachedTo>
				<BoneIndex>0</BoneIndex>
				<X>-0.100000024</X>
				<Y>-0.900000095</Y>
				<Z>0.170000046</Z>
				<Pitch>21.0000019</Pitch>
				<Roll>8.68001652</Roll>
				<Yaw>0</Yaw>
			</Attachment>
		</Attachment>
		<Attachment>
			<ModelHash>0x710841e5</ModelHash>
			<Type>3</Type>
			<Dynamic>false</Dynamic>
			<FrozenPos>true</FrozenPos>
			<HashName>prop_scaffold_pole</HashName>
			<InitialHandle>629317</InitialHandle>
			<ObjectProperties>
				<TextureVariation>0</TextureVariation>
			</ObjectProperties>
			<OpacityLevel>255</OpacityLevel>
			<LodDistance>16960</LodDistance>
			<IsVisible>true</IsVisible>
			<MaxHealth>1000</MaxHealth>
			<Health>0</Health>
			<HasGravity>true</HasGravity>
			<IsOnFire>false</IsOnFire>
			<IsInvincible>true</IsInvincible>
			<IsBulletProof>false</IsBulletProof>
			<IsCollisionProof>false</IsCollisionProof>
			<IsExplosionProof>true</IsExplosionProof>
			<IsFireProof>true</IsFireProof>
			<IsMeleeProof>true</IsMeleeProof>
			<IsOnlyDamagedByPlayer>false</IsOnlyDamagedByPlayer>
			<PositionRotation>
				<X>90.1583176</X>
				<Y>-1511.7146</Y>
				<Z>28.9707375</Z>
				<Pitch>18.300951</Pitch>
				<Roll>-7.70472622</Roll>
				<Yaw>42.3965454</Yaw>
			</PositionRotation>
			<Attachment isAttached="true">
				<AttachedTo>646690</AttachedTo>
				<BoneIndex>0</BoneIndex>
				<X>0.100000024</X>
				<Y>-0.900000095</Y>
				<Z>0.170000046</Z>
				<Pitch>21.0000019</Pitch>
				<Roll>-7.65001583</Roll>
				<Yaw>0</Yaw>
			</Attachment>
		</Attachment>
		<Attachment>
			<ModelHash>0x659b9569</ModelHash>
			<Type>3</Type>
			<Dynamic>false</Dynamic>
			<FrozenPos>true</FrozenPos>
			<HashName>prop_rope_hook_01</HashName>
			<InitialHandle>286291</InitialHandle>
			<ObjectProperties>
				<TextureVariation>0</TextureVariation>
			</ObjectProperties>
			<OpacityLevel>255</OpacityLevel>
			<LodDistance>16960</LodDistance>
			<IsVisible>true</IsVisible>
			<MaxHealth>1000</MaxHealth>
			<Health>0</Health>
			<HasGravity>true</HasGravity>
			<IsOnFire>false</IsOnFire>
			<IsInvincible>true</IsInvincible>
			<IsBulletProof>false</IsBulletProof>
			<IsCollisionProof>false</IsCollisionProof>
			<IsExplosionProof>true</IsExplosionProof>
			<IsFireProof>true</IsFireProof>
			<IsMeleeProof>true</IsMeleeProof>
			<IsOnlyDamagedByPlayer>false</IsOnlyDamagedByPlayer>
			<PositionRotation>
				<X>89.4192123</X>
				<Y>-1511.06763</Y>
				<Z>28.8645573</Z>
				<Pitch>-22.6990242</Pitch>
				<Roll>157.94371</Roll>
				<Yaw>42.3576393</Yaw>
			</PositionRotation>
			<Attachment isAttached="true">
				<AttachedTo>646690</AttachedTo>
				<BoneIndex>0</BoneIndex>
				<X>-0.00999999791</X>
				<Y>0.0800000131</Y>
				<Z>0.110000044</Z>
				<Pitch>-20.0000038</Pitch>
				<Roll>158.000015</Roll>
				<Yaw>0</Yaw>
			</Attachment>
		</Attachment>
		<Attachment>
			<ModelHash>0x659b9569</ModelHash>
			<Type>3</Type>
			<Dynamic>false</Dynamic>
			<FrozenPos>true</FrozenPos>
			<HashName>prop_rope_hook_01</HashName>
			<InitialHandle>197696</InitialHandle>
			<ObjectProperties>
				<TextureVariation>0</TextureVariation>
			</ObjectProperties>
			<OpacityLevel>255</OpacityLevel>
			<LodDistance>16960</LodDistance>
			<IsVisible>true</IsVisible>
			<MaxHealth>1000</MaxHealth>
			<Health>0</Health>
			<HasGravity>true</HasGravity>
			<IsOnFire>false</IsOnFire>
			<IsInvincible>true</IsInvincible>
			<IsBulletProof>false</IsBulletProof>
			<IsCollisionProof>false</IsCollisionProof>
			<IsExplosionProof>true</IsExplosionProof>
			<IsFireProof>true</IsFireProof>
			<IsMeleeProof>true</IsMeleeProof>
			<IsOnlyDamagedByPlayer>false</IsOnlyDamagedByPlayer>
			<PositionRotation>
				<X>89.3862</X>
				<Y>-1511.03137</Y>
				<Z>28.8422241</Z>
				<Pitch>-22.6990242</Pitch>
				<Roll>157.94371</Roll>
				<Yaw>42.3576393</Yaw>
			</PositionRotation>
			<Attachment isAttached="true">
				<AttachedTo>646690</AttachedTo>
				<BoneIndex>0</BoneIndex>
				<X>-0.00999999791</X>
				<Y>0.13000004</Y>
				<Z>0.0900000334</Z>
				<Pitch>-20.0000038</Pitch>
				<Roll>158.000015</Roll>
				<Yaw>0</Yaw>
			</Attachment>
		</Attachment>
		<Attachment>
			<ModelHash>0xf4bc019f</ModelHash>
			<Type>3</Type>
			<Dynamic>false</Dynamic>
			<FrozenPos>true</FrozenPos>
			<HashName>w_sg_sawnoff_luxe</HashName>
			<InitialHandle>178187</InitialHandle>
			<ObjectProperties>
				<TextureVariation>0</TextureVariation>
			</ObjectProperties>
			<OpacityLevel>255</OpacityLevel>
			<LodDistance>16960</LodDistance>
			<IsVisible>true</IsVisible>
			<MaxHealth>1000</MaxHealth>
			<Health>0</Health>
			<HasGravity>true</HasGravity>
			<IsOnFire>false</IsOnFire>
			<IsInvincible>true</IsInvincible>
			<IsBulletProof>false</IsBulletProof>
			<IsCollisionProof>false</IsCollisionProof>
			<IsExplosionProof>true</IsExplosionProof>
			<IsFireProof>true</IsFireProof>
			<IsMeleeProof>true</IsMeleeProof>
			<IsOnlyDamagedByPlayer>false</IsOnlyDamagedByPlayer>
			<PositionRotation>
				<X>89.3314819</X>
				<Y>-1511.12012</Y>
				<Z>29.0837517</Z>
				<Pitch>-29.016695</Pitch>
				<Roll>23.0867882</Roll>
				<Yaw>133.875305</Yaw>
			</PositionRotation>
			<Attachment isAttached="true">
				<AttachedTo>646690</AttachedTo>
				<BoneIndex>0</BoneIndex>
				<X>-0.110000208</X>
				<Y>0.0900000185</Y>
				<Z>0.330000013</Z>
				<Pitch>-29.0000038</Pitch>
				<Roll>20.0000019</Roll>
				<Yaw>90.0000076</Yaw>
			</Attachment>
		</Attachment>
		<Attachment>
			<ModelHash>0x659b9569</ModelHash>
			<Type>3</Type>
			<Dynamic>false</Dynamic>
			<FrozenPos>true</FrozenPos>
			<HashName>prop_rope_hook_01</HashName>
			<InitialHandle>673360</InitialHandle>
			<ObjectProperties>
				<TextureVariation>0</TextureVariation>
			</ObjectProperties>
			<OpacityLevel>255</OpacityLevel>
			<LodDistance>16960</LodDistance>
			<IsVisible>true</IsVisible>
			<MaxHealth>1000</MaxHealth>
			<Health>0</Health>
			<HasGravity>true</HasGravity>
			<IsOnFire>false</IsOnFire>
			<IsInvincible>true</IsInvincible>
			<IsBulletProof>false</IsBulletProof>
			<IsCollisionProof>false</IsCollisionProof>
			<IsExplosionProof>true</IsExplosionProof>
			<IsFireProof>true</IsFireProof>
			<IsMeleeProof>true</IsMeleeProof>
			<IsOnlyDamagedByPlayer>false</IsOnlyDamagedByPlayer>
			<PositionRotation>
				<X>89.4144363</X>
				<Y>-1511.03271</Y>
				<Z>28.8431854</Z>
				<Pitch>22.6664734</Pitch>
				<Roll>154.547714</Roll>
				<Yaw>-127.457268</Yaw>
			</PositionRotation>
			<Attachment isAttached="true">
				<AttachedTo>646690</AttachedTo>
				<BoneIndex>0</BoneIndex>
				<X>0.00999998301</X>
				<Y>0.110000029</Y>
				<Z>0.0900000334</Z>
				<Pitch>20</Pitch>
				<Roll>155.000015</Roll>
				<Yaw>-169.999985</Yaw>
			</Attachment>
		</Attachment>
		<Attachment>
			<ModelHash>0x659b9569</ModelHash>
			<Type>3</Type>
			<Dynamic>false</Dynamic>
			<FrozenPos>true</FrozenPos>
			<HashName>prop_rope_hook_01</HashName>
			<InitialHandle>387406</InitialHandle>
			<ObjectProperties>
				<TextureVariation>0</TextureVariation>
			</ObjectProperties>
			<OpacityLevel>255</OpacityLevel>
			<LodDistance>16960</LodDistance>
			<IsVisible>true</IsVisible>
			<MaxHealth>1000</MaxHealth>
			<Health>0</Health>
			<HasGravity>true</HasGravity>
			<IsOnFire>false</IsOnFire>
			<IsInvincible>true</IsInvincible>
			<IsBulletProof>false</IsBulletProof>
			<IsCollisionProof>false</IsCollisionProof>
			<IsExplosionProof>true</IsExplosionProof>
			<IsFireProof>true</IsFireProof>
			<IsMeleeProof>true</IsMeleeProof>
			<IsOnlyDamagedByPlayer>false</IsOnlyDamagedByPlayer>
			<PositionRotation>
				<X>89.44104</X>
				<Y>-1511.06189</Y>
				<Z>28.8550568</Z>
				<Pitch>22.695509</Pitch>
				<Roll>161.15834</Roll>
				<Yaw>-139.679489</Yaw>
			</PositionRotation>
			<Attachment isAttached="true">
				<AttachedTo>646690</AttachedTo>
				<BoneIndex>0</BoneIndex>
				<X>0.00999998301</X>
				<Y>0.0700000077</Y>
				<Z>0.100000039</Z>
				<Pitch>20</Pitch>
				<Roll>161.000015</Roll>
				<Yaw>178.000015</Yaw>
			</Attachment>
		</Attachment>
		<Attachment>
			<ModelHash>0x50685513</ModelHash>
			<Type>3</Type>
			<Dynamic>false</Dynamic>
			<FrozenPos>true</FrozenPos>
			<HashName>w_pi_flaregun</HashName>
			<InitialHandle>575820</InitialHandle>
			<ObjectProperties>
				<TextureVariation>0</TextureVariation>
			</ObjectProperties>
			<OpacityLevel>255</OpacityLevel>
			<LodDistance>16960</LodDistance>
			<IsVisible>true</IsVisible>
			<MaxHealth>1000</MaxHealth>
			<Health>0</Health>
			<HasGravity>true</HasGravity>
			<IsOnFire>false</IsOnFire>
			<IsInvincible>true</IsInvincible>
			<IsBulletProof>false</IsBulletProof>
			<IsCollisionProof>false</IsCollisionProof>
			<IsExplosionProof>true</IsExplosionProof>
			<IsFireProof>true</IsFireProof>
			<IsMeleeProof>true</IsMeleeProof>
			<IsOnlyDamagedByPlayer>false</IsOnlyDamagedByPlayer>
			<PositionRotation>
				<X>89.5007172</X>
				<Y>-1510.99402</Y>
				<Z>29.0649052</Z>
				<Pitch>9.93684101</Pitch>
				<Roll>22.7401676</Roll>
				<Yaw>131.903717</Yaw>
			</PositionRotation>
			<Attachment isAttached="true">
				<AttachedTo>646690</AttachedTo>
				<BoneIndex>0</BoneIndex>
				<X>0.0999999791</X>
				<Y>0.0700000077</Y>
				<Z>0.310000032</Z>
				<Pitch>10.000001</Pitch>
				<Roll>20.0000019</Roll>
				<Yaw>90.0000076</Yaw>
			</Attachment>
		</Attachment>
		<Attachment>
			<ModelHash>0x0923ffcb</ModelHash>
			<Type>3</Type>
			<Dynamic>false</Dynamic>
			<FrozenPos>true</FrozenPos>
			<HashName>ng_proc_spraycan01a</HashName>
			<InitialHandle>55378</InitialHandle>
			<ObjectProperties>
				<TextureVariation>0</TextureVariation>
			</ObjectProperties>
			<OpacityLevel>255</OpacityLevel>
			<LodDistance>16960</LodDistance>
			<IsVisible>true</IsVisible>
			<MaxHealth>1000</MaxHealth>
			<Health>205</Health>
			<HasGravity>true</HasGravity>
			<IsOnFire>false</IsOnFire>
			<IsInvincible>true</IsInvincible>
			<IsBulletProof>false</IsBulletProof>
			<IsCollisionProof>true</IsCollisionProof>
			<IsExplosionProof>true</IsExplosionProof>
			<IsFireProof>true</IsFireProof>
			<IsMeleeProof>true</IsMeleeProof>
			<IsOnlyDamagedByPlayer>false</IsOnlyDamagedByPlayer>
			<PositionRotation>
				<X>90.5508118</X>
				<Y>-1511.38416</Y>
				<Z>28.7119579</Z>
				<Pitch>0.986996531</Pitch>
				<Roll>147.828674</Roll>
				<Yaw>132.330353</Yaw>
			</PositionRotation>
			<Attachment isAttached="true">
				<AttachedTo>646690</AttachedTo>
				<BoneIndex>5</BoneIndex>
				<X>-0.13000004</X>
				<Y>-2.03773379e-06</Y>
				<Z>-0.0400000066</Z>
				<Pitch>0</Pitch>
				<Roll>0</Roll>
				<Yaw>-89.9999847</Yaw>
			</Attachment>
		</Attachment>
		<Attachment>
			<ModelHash>0xe11aaf90</ModelHash>
			<Type>3</Type>
			<Dynamic>false</Dynamic>
			<FrozenPos>true</FrozenPos>
			<HashName>prop_w_me_knife_01</HashName>
			<InitialHandle>651339</InitialHandle>
			<ObjectProperties>
				<TextureVariation>0</TextureVariation>
			</ObjectProperties>
			<OpacityLevel>255</OpacityLevel>
			<LodDistance>16960</LodDistance>
			<IsVisible>true</IsVisible>
			<MaxHealth>1000</MaxHealth>
			<Health>205</Health>
			<HasGravity>true</HasGravity>
			<IsOnFire>false</IsOnFire>
			<IsInvincible>true</IsInvincible>
			<IsBulletProof>false</IsBulletProof>
			<IsCollisionProof>true</IsCollisionProof>
			<IsExplosionProof>true</IsExplosionProof>
			<IsFireProof>true</IsFireProof>
			<IsMeleeProof>true</IsMeleeProof>
			<IsOnlyDamagedByPlayer>false</IsOnlyDamagedByPlayer>
			<PositionRotation>
				<X>90.6025543</X>
				<Y>-1511.33704</Y>
				<Z>28.7107544</Z>
				<Pitch>-1.14330173</Pitch>
				<Roll>137.833298</Roll>
				<Yaw>135.716095</Yaw>
			</PositionRotation>
			<Attachment isAttached="true">
				<AttachedTo>646690</AttachedTo>
				<BoneIndex>5</BoneIndex>
				<X>-0.200000018</X>
				<Y>0</Y>
				<Z>-0.0400000066</Z>
				<Pitch>0</Pitch>
				<Roll>-10.000001</Roll>
				<Yaw>-94</Yaw>
			</Attachment>
		</Attachment>
		<Attachment>
			<ModelHash>0x0923ffcb</ModelHash>
			<Type>3</Type>
			<Dynamic>false</Dynamic>
			<FrozenPos>true</FrozenPos>
			<HashName>ng_proc_spraycan01a</HashName>
			<InitialHandle>720973</InitialHandle>
			<ObjectProperties>
				<TextureVariation>0</TextureVariation>
			</ObjectProperties>
			<OpacityLevel>255</OpacityLevel>
			<LodDistance>16960</LodDistance>
			<IsVisible>true</IsVisible>
			<MaxHealth>1000</MaxHealth>
			<Health>0</Health>
			<HasGravity>true</HasGravity>
			<IsOnFire>false</IsOnFire>
			<IsInvincible>true</IsInvincible>
			<IsBulletProof>false</IsBulletProof>
			<IsCollisionProof>true</IsCollisionProof>
			<IsExplosionProof>true</IsExplosionProof>
			<IsFireProof>true</IsFireProof>
			<IsMeleeProof>true</IsMeleeProof>
			<IsOnlyDamagedByPlayer>false</IsOnlyDamagedByPlayer>
			<PositionRotation>
				<X>89.6501999</X>
				<Y>-1512.21411</Y>
				<Z>28.7073269</Z>
				<Pitch>1.04340994</Pitch>
				<Roll>-136.71994</Roll>
				<Yaw>-47.5739021</Yaw>
			</PositionRotation>
			<Attachment isAttached="true">
				<AttachedTo>646690</AttachedTo>
				<BoneIndex>6</BoneIndex>
				<X>-0.13000004</X>
				<Y>-2.03773379e-06</Y>
				<Z>-0.0400000066</Z>
				<Pitch>0</Pitch>
				<Roll>0</Roll>
				<Yaw>-89.9999847</Yaw>
			</Attachment>
		</Attachment>
		<Attachment>
			<ModelHash>0xe11aaf90</ModelHash>
			<Type>3</Type>
			<Dynamic>false</Dynamic>
			<FrozenPos>true</FrozenPos>
			<HashName>prop_w_me_knife_01</HashName>
			<InitialHandle>672592</InitialHandle>
			<ObjectProperties>
				<TextureVariation>0</TextureVariation>
			</ObjectProperties>
			<OpacityLevel>255</OpacityLevel>
			<LodDistance>16960</LodDistance>
			<IsVisible>true</IsVisible>
			<MaxHealth>1000</MaxHealth>
			<Health>73</Health>
			<HasGravity>true</HasGravity>
			<IsOnFire>false</IsOnFire>
			<IsInvincible>true</IsInvincible>
			<IsBulletProof>false</IsBulletProof>
			<IsCollisionProof>true</IsCollisionProof>
			<IsExplosionProof>true</IsExplosionProof>
			<IsFireProof>true</IsFireProof>
			<IsMeleeProof>true</IsMeleeProof>
			<IsOnlyDamagedByPlayer>false</IsOnlyDamagedByPlayer>
			<PositionRotation>
				<X>90.5522308</X>
				<Y>-1511.28235</Y>
				<Z>28.6865921</Z>
				<Pitch>0.986993134</Pitch>
				<Roll>-102.171341</Roll>
				<Yaw>132.330368</Yaw>
			</PositionRotation>
			<Attachment isAttached="true">
				<AttachedTo>646690</AttachedTo>
				<BoneIndex>5</BoneIndex>
				<X>-0.200000018</X>
				<Y>0.0500000082</Y>
				<Z>0.0200000033</Z>
				<Pitch>0</Pitch>
				<Roll>110.000008</Roll>
				<Yaw>-90</Yaw>
			</Attachment>
		</Attachment>
		<Attachment>
			<ModelHash>0xe11aaf90</ModelHash>
			<Type>3</Type>
			<Dynamic>false</Dynamic>
			<FrozenPos>true</FrozenPos>
			<HashName>prop_w_me_knife_01</HashName>
			<InitialHandle>359240</InitialHandle>
			<ObjectProperties>
				<TextureVariation>0</TextureVariation>
			</ObjectProperties>
			<OpacityLevel>255</OpacityLevel>
			<LodDistance>16960</LodDistance>
			<IsVisible>true</IsVisible>
			<MaxHealth>1000</MaxHealth>
			<Health>73</Health>
			<HasGravity>true</HasGravity>
			<IsOnFire>false</IsOnFire>
			<IsInvincible>true</IsInvincible>
			<IsBulletProof>false</IsBulletProof>
			<IsCollisionProof>true</IsCollisionProof>
			<IsExplosionProof>true</IsExplosionProof>
			<IsFireProof>true</IsFireProof>
			<IsMeleeProof>true</IsMeleeProof>
			<IsOnlyDamagedByPlayer>false</IsOnlyDamagedByPlayer>
			<PositionRotation>
				<X>90.5992279</X>
				<Y>-1511.33545</Y>
				<Z>28.6302147</Z>
				<Pitch>0.986993134</Pitch>
				<Roll>25.8286686</Roll>
				<Yaw>132.330368</Yaw>
			</PositionRotation>
			<Attachment isAttached="true">
				<AttachedTo>646690</AttachedTo>
				<BoneIndex>5</BoneIndex>
				<X>-0.200000018</X>
				<Y>-0.0399999991</Y>
				<Z>0.0300000049</Z>
				<Pitch>0</Pitch>
				<Roll>-121.999985</Roll>
				<Yaw>-90</Yaw>
			</Attachment>
		</Attachment>
		<Attachment>
			<ModelHash>0xe11aaf90</ModelHash>
			<Type>3</Type>
			<Dynamic>false</Dynamic>
			<FrozenPos>true</FrozenPos>
			<HashName>prop_w_me_knife_01</HashName>
			<InitialHandle>322384</InitialHandle>
			<ObjectProperties>
				<TextureVariation>0</TextureVariation>
			</ObjectProperties>
			<OpacityLevel>255</OpacityLevel>
			<LodDistance>16960</LodDistance>
			<IsVisible>true</IsVisible>
			<MaxHealth>1000</MaxHealth>
			<Health>0</Health>
			<HasGravity>true</HasGravity>
			<IsOnFire>false</IsOnFire>
			<IsInvincible>true</IsInvincible>
			<IsBulletProof>false</IsBulletProof>
			<IsCollisionProof>true</IsCollisionProof>
			<IsExplosionProof>true</IsExplosionProof>
			<IsFireProof>true</IsFireProof>
			<IsMeleeProof>true</IsMeleeProof>
			<IsOnlyDamagedByPlayer>false</IsOnlyDamagedByPlayer>
			<PositionRotation>
				<X>89.5554123</X>
				<Y>-1512.21423</Y>
				<Z>28.7112064</Z>
				<Pitch>-1.04340827</Pitch>
				<Roll>-141.28006</Roll>
				<Yaw>132.426132</Yaw>
			</PositionRotation>
			<Attachment isAttached="true">
				<AttachedTo>646690</AttachedTo>
				<BoneIndex>6</BoneIndex>
				<X>-0.200000018</X>
				<Y>-0.049999997</Y>
				<Z>0</Z>
				<Pitch>-179.999985</Pitch>
				<Roll>-97.9999847</Roll>
				<Yaw>-90</Yaw>
			</Attachment>
		</Attachment>
		<Attachment>
			<ModelHash>0xe11aaf90</ModelHash>
			<Type>3</Type>
			<Dynamic>false</Dynamic>
			<FrozenPos>true</FrozenPos>
			<HashName>prop_w_me_knife_01</HashName>
			<InitialHandle>773450</InitialHandle>
			<ObjectProperties>
				<TextureVariation>0</TextureVariation>
			</ObjectProperties>
			<OpacityLevel>255</OpacityLevel>
			<LodDistance>16960</LodDistance>
			<IsVisible>true</IsVisible>
			<MaxHealth>1000</MaxHealth>
			<Health>0</Health>
			<HasGravity>true</HasGravity>
			<IsOnFire>false</IsOnFire>
			<IsInvincible>true</IsInvincible>
			<IsBulletProof>false</IsBulletProof>
			<IsCollisionProof>true</IsCollisionProof>
			<IsExplosionProof>true</IsExplosionProof>
			<IsFireProof>true</IsFireProof>
			<IsMeleeProof>true</IsMeleeProof>
			<IsOnlyDamagedByPlayer>false</IsOnlyDamagedByPlayer>
			<PositionRotation>
				<X>89.5678024</X>
				<Y>-1512.22559</Y>
				<Z>28.6268311</Z>
				<Pitch>-1.04340231</Pitch>
				<Roll>-21.2800369</Roll>
				<Yaw>132.426117</Yaw>
			</PositionRotation>
			<Attachment isAttached="true">
				<AttachedTo>646690</AttachedTo>
				<BoneIndex>6</BoneIndex>
				<X>-0.200000018</X>
				<Y>0.0200000145</Y>
				<Z>0.0500000082</Z>
				<Pitch>-179.999985</Pitch>
				<Roll>22.0000191</Roll>
				<Yaw>-90</Yaw>
			</Attachment>
		</Attachment>
		<Attachment>
			<ModelHash>0xe11aaf90</ModelHash>
			<Type>3</Type>
			<Dynamic>false</Dynamic>
			<FrozenPos>true</FrozenPos>
			<HashName>prop_w_me_knife_01</HashName>
			<InitialHandle>21330</InitialHandle>
			<ObjectProperties>
				<TextureVariation>0</TextureVariation>
			</ObjectProperties>
			<OpacityLevel>255</OpacityLevel>
			<LodDistance>16960</LodDistance>
			<IsVisible>true</IsVisible>
			<MaxHealth>1000</MaxHealth>
			<Health>0</Health>
			<HasGravity>true</HasGravity>
			<IsOnFire>false</IsOnFire>
			<IsInvincible>true</IsInvincible>
			<IsBulletProof>false</IsBulletProof>
			<IsCollisionProof>true</IsCollisionProof>
			<IsExplosionProof>true</IsExplosionProof>
			<IsFireProof>true</IsFireProof>
			<IsMeleeProof>true</IsMeleeProof>
			<IsOnlyDamagedByPlayer>false</IsOnlyDamagedByPlayer>
			<PositionRotation>
				<X>89.6085434</X>
				<Y>-1512.27197</Y>
				<Z>28.6923409</Z>
				<Pitch>-1.04339886</Pitch>
				<Roll>108.719971</Roll>
				<Yaw>132.426117</Yaw>
			</PositionRotation>
			<Attachment isAttached="true">
				<AttachedTo>646690</AttachedTo>
				<BoneIndex>6</BoneIndex>
				<X>-0.200000018</X>
				<Y>0.0200000145</Y>
				<Z>-0.0400000028</Z>
				<Pitch>-179.999985</Pitch>
				<Roll>152.000031</Roll>
				<Yaw>-90</Yaw>
			</Attachment>
		</Attachment>
		<Attachment>
			<ModelHash>0x605a3da9</ModelHash>
			<Type>3</Type>
			<Dynamic>false</Dynamic>
			<FrozenPos>true</FrozenPos>
			<HashName>prop_golf_ball_p2</HashName>
			<InitialHandle>634193</InitialHandle>
			<ObjectProperties>
				<TextureVariation>0</TextureVariation>
			</ObjectProperties>
			<PtfxLopAsset>core</PtfxLopAsset>
			<PtfxLopEffect>ent_sht_flame</PtfxLopEffect>
			<OpacityLevel>255</OpacityLevel>
			<LodDistance>16960</LodDistance>
			<IsVisible>false</IsVisible>
			<MaxHealth>1000</MaxHealth>
			<Health>1000</Health>
			<HasGravity>true</HasGravity>
			<IsOnFire>false</IsOnFire>
			<IsInvincible>true</IsInvincible>
			<IsBulletProof>false</IsBulletProof>
			<IsCollisionProof>true</IsCollisionProof>
			<IsExplosionProof>true</IsExplosionProof>
			<IsFireProof>true</IsFireProof>
			<IsMeleeProof>true</IsMeleeProof>
			<IsOnlyDamagedByPlayer>false</IsOnlyDamagedByPlayer>
			<PositionRotation>
				<X>88.6067581</X>
				<Y>-1510.45886</Y>
				<Z>28.6903687</Z>
				<Pitch>79.430069</Pitch>
				<Roll>130.060333</Roll>
				<Yaw>89.2681808</Yaw>
			</PositionRotation>
			<Attachment isAttached="true">
				<AttachedTo>646690</AttachedTo>
				<BoneIndex>28</BoneIndex>
				<X>-0.200000063</X>
				<Y>0.179999977</Y>
				<Z>-0.830000103</Z>
				<Pitch>140.000031</Pitch>
				<Roll>-10.0000067</Roll>
				<Yaw>-170.000015</Yaw>
			</Attachment>
		</Attachment>
		<Attachment>
			<ModelHash>0x605a3da9</ModelHash>
			<Type>3</Type>
			<Dynamic>false</Dynamic>
			<FrozenPos>true</FrozenPos>
			<HashName>prop_golf_ball_p2</HashName>
			<InitialHandle>133385</InitialHandle>
			<ObjectProperties>
				<TextureVariation>0</TextureVariation>
			</ObjectProperties>
			<PtfxLopAsset>core</PtfxLopAsset>
			<PtfxLopEffect>ent_sht_flame</PtfxLopEffect>
			<OpacityLevel>255</OpacityLevel>
			<LodDistance>16960</LodDistance>
			<IsVisible>false</IsVisible>
			<MaxHealth>1000</MaxHealth>
			<Health>1000</Health>
			<HasGravity>true</HasGravity>
			<IsOnFire>false</IsOnFire>
			<IsInvincible>true</IsInvincible>
			<IsBulletProof>false</IsBulletProof>
			<IsCollisionProof>true</IsCollisionProof>
			<IsExplosionProof>true</IsExplosionProof>
			<IsFireProof>true</IsFireProof>
			<IsMeleeProof>true</IsMeleeProof>
			<IsOnlyDamagedByPlayer>false</IsOnlyDamagedByPlayer>
			<PositionRotation>
				<X>88.8874664</X>
				<Y>-1510.20276</Y>
				<Z>28.6907139</Z>
				<Pitch>72.3986053</Pitch>
				<Roll>113.225006</Roll>
				<Yaw>114.524788</Yaw>
			</PositionRotation>
			<Attachment isAttached="true">
				<AttachedTo>646690</AttachedTo>
				<BoneIndex>28</BoneIndex>
				<X>0.17999965</X>
				<Y>0.179999977</Y>
				<Z>-0.830000103</Z>
				<Pitch>140.000031</Pitch>
				<Roll>-10.0000067</Roll>
				<Yaw>-158.000015</Yaw>
			</Attachment>
		</Attachment>
	</SpoonerAttachments>
</Vehicle>
