<?xml version="1.0" encoding="ISO-8859-1"?>
<Vehicle menyoo_ver="0.9998751b">
	<ModelHash>0x58e316c7</ModelHash>
	<InitialHandle>44554</InitialHandle>
	<VehicleProperties>
		<Colours>
			<Primary>2</Primary>
			<Secondary>4</Secondary>
			<Pearl>5</Pearl>
			<Rim>156</Rim>
			<Mod1_a>6</Mod1_a>
			<Mod1_b>-1</Mod1_b>
			<Mod1_c>-1</Mod1_c>
			<Mod2_a>6</Mod2_a>
			<Mod2_b>-1</Mod2_b>
			<IsPrimaryColourCustom>false</IsPrimaryColourCustom>
			<IsSecondaryColourCustom>false</IsSecondaryColourCustom>
			<tyreSmoke_R>255</tyreSmoke_R>
			<tyreSmoke_G>150</tyreSmoke_G>
			<tyreSmoke_B>5</tyreSmoke_B>
			<LrInterior>111</LrInterior>
			<LrDashboard>111</LrDashboard>
		</Colours>
		<Livery>-1</Livery>
		<NumberPlateText> RIDER  </NumberPlateText>
		<NumberPlateIndex>5</NumberPlateIndex>
		<WheelType>0</WheelType>
		<WheelsInvisible>false</WheelsInvisible>
		<EngineSoundName>BTYPE2</EngineSoundName>
		<WindowTint>-1</WindowTint>
		<BulletProofTyres>true</BulletProofTyres>
		<DirtLevel>1.14727151</DirtLevel>
		<PaintFade>0.298039228</PaintFade>
		<RoofState>0</RoofState>
		<SirenActive>false</SirenActive>
		<EngineOn>true</EngineOn>
		<EngineHealth>2000</EngineHealth>
		<LightsOn>true</LightsOn>
		<IsRadioLoud>0</IsRadioLoud>
		<LockStatus>1</LockStatus>
		<Neons>
			<Left>false</Left>
			<Right>false</Right>
			<Front>false</Front>
			<Back>false</Back>
			<R>255</R>
			<G>0</G>
			<B>255</B>
		</Neons>
		<ModExtras />
		<Mods>
			<_0>1,0</_0>
			<_1>0,0</_1>
			<_2>1,0</_2>
			<_3>0,0</_3>
			<_4>2,0</_4>
			<_5>2,0</_5>
			<_6>-1,0</_6>
			<_7>-1,0</_7>
			<_8>-1,0</_8>
			<_9>-1,0</_9>
			<_10>4,0</_10>
			<_11>3,0</_11>
			<_12>2,0</_12>
			<_13>2,0</_13>
			<_14>0,0</_14>
			<_15>-1,0</_15>
			<_16>4,0</_16>
			<_17>false</_17>
			<_18>true</_18>
			<_19>false</_19>
			<_20>true</_20>
			<_21>false</_21>
			<_22>false</_22>
			<_23>3,0</_23>
			<_24>-1,0</_24>
			<_25>-1,0</_25>
			<_26>-1,0</_26>
			<_27>-1,0</_27>
			<_28>-1,0</_28>
			<_29>-1,0</_29>
			<_30>-1,0</_30>
			<_31>-1,0</_31>
			<_32>-1,0</_32>
			<_33>-1,0</_33>
			<_34>-1,0</_34>
			<_35>-1,0</_35>
			<_36>-1,0</_36>
			<_37>-1,0</_37>
			<_38>-1,0</_38>
			<_39>-1,0</_39>
			<_40>-1,0</_40>
			<_41>-1,0</_41>
			<_42>-1,0</_42>
			<_43>-1,0</_43>
			<_44>-1,0</_44>
			<_45>-1,0</_45>
			<_46>-1,0</_46>
			<_47>-1,0</_47>
			<_48>-1,0</_48>
		</Mods>
		<DoorsOpen>
			<BackLeftDoor>false</BackLeftDoor>
			<BackRightDoor>false</BackRightDoor>
			<FrontLeftDoor>false</FrontLeftDoor>
			<FrontRightDoor>false</FrontRightDoor>
			<Hood>false</Hood>
			<Trunk>false</Trunk>
			<Trunk2>false</Trunk2>
		</DoorsOpen>
		<DoorsBroken>
			<BackLeftDoor>false</BackLeftDoor>
			<BackRightDoor>false</BackRightDoor>
			<FrontLeftDoor>false</FrontLeftDoor>
			<FrontRightDoor>false</FrontRightDoor>
			<Hood>false</Hood>
			<Trunk>false</Trunk>
			<Trunk2>false</Trunk2>
		</DoorsBroken>
		<TyresBursted>
			<FrontLeft>false</FrontLeft>
			<FrontRight>false</FrontRight>
			<_2>false</_2>
			<_3>false</_3>
			<BackLeft>false</BackLeft>
			<BackRight>false</BackRight>
			<_6>false</_6>
			<_7>false</_7>
			<_8>false</_8>
		</TyresBursted>
		<RpmMultiplier>1</RpmMultiplier>
		<TorqueMultiplier>1</TorqueMultiplier>
		<HeadlightIntensity>1</HeadlightIntensity>
	</VehicleProperties>
	<OpacityLevel>255</OpacityLevel>
	<LodDistance>16960</LodDistance>
	<IsVisible>true</IsVisible>
	<IsDriverVisible>true</IsDriverVisible>
	<MaxHealth>1000</MaxHealth>
	<Health>1000</Health>
	<HasGravity>true</HasGravity>
	<IsOnFire>false</IsOnFire>
	<IsInvincible>true</IsInvincible>
	<IsBulletProof>true</IsBulletProof>
	<IsExplosionProof>true</IsExplosionProof>
	<IsFireProof>false</IsFireProof>
	<IsMeleeProof>true</IsMeleeProof>
	<IsOnlyDamagedByPlayer>false</IsOnlyDamagedByPlayer>
	<SpoonerAttachments SetAttachmentsPersistentAndAddToSpoonerDatabase="true" StartTaskSequencesOnLoad="true">
		<Attachment>
			<ModelHash>0x203011a1</ModelHash>
			<Type>3</Type>
			<Dynamic>false</Dynamic>
			<FrozenPos>true</FrozenPos>
			<HashName>~italic~GhostRider~s~ Fire Candle</HashName>
			<InitialHandle>13321</InitialHandle>
			<ObjectProperties>
				<TextureVariation>255</TextureVariation>
			</ObjectProperties>
			<OpacityLevel>255</OpacityLevel>
			<LodDistance>16960</LodDistance>
			<IsVisible>true</IsVisible>
			<MaxHealth>1000</MaxHealth>
			<Health>1000</Health>
			<HasGravity>true</HasGravity>
			<IsOnFire>false</IsOnFire>
			<IsInvincible>true</IsInvincible>
			<IsBulletProof>false</IsBulletProof>
			<IsCollisionProof>false</IsCollisionProof>
			<IsExplosionProof>true</IsExplosionProof>
			<IsFireProof>false</IsFireProof>
			<IsMeleeProof>true</IsMeleeProof>
			<IsOnlyDamagedByPlayer>false</IsOnlyDamagedByPlayer>
			<PositionRotation>
				<X>-126.348625</X>
				<Y>-916.657837</Y>
				<Z>28.6231174</Z>
				<Pitch>76.1806183</Pitch>
				<Roll>-90.0041199</Roll>
				<Yaw>62.4215927</Yaw>
			</PositionRotation>
			<Attachment isAttached="true">
				<AttachedTo>44554</AttachedTo>
				<BoneIndex>8</BoneIndex>
				<X>0</X>
				<Y>0</Y>
				<Z>0</Z>
				<Pitch>0</Pitch>
				<Roll>89.9999924</Roll>
				<Yaw>0</Yaw>
			</Attachment>
		</Attachment>
		<Attachment>
			<ModelHash>0x203011a1</ModelHash>
			<Type>3</Type>
			<Dynamic>false</Dynamic>
			<FrozenPos>true</FrozenPos>
			<HashName>~italic~GhostRider~s~ Fire Candle</HashName>
			<InitialHandle>36102</InitialHandle>
			<ObjectProperties>
				<TextureVariation>255</TextureVariation>
			</ObjectProperties>
			<OpacityLevel>255</OpacityLevel>
			<LodDistance>16960</LodDistance>
			<IsVisible>true</IsVisible>
			<MaxHealth>1000</MaxHealth>
			<Health>1000</Health>
			<HasGravity>true</HasGravity>
			<IsOnFire>false</IsOnFire>
			<IsInvincible>true</IsInvincible>
			<IsBulletProof>false</IsBulletProof>
			<IsCollisionProof>false</IsCollisionProof>
			<IsExplosionProof>true</IsExplosionProof>
			<IsFireProof>false</IsFireProof>
			<IsMeleeProof>true</IsMeleeProof>
			<IsOnlyDamagedByPlayer>false</IsOnlyDamagedByPlayer>
			<PositionRotation>
				<X>-126.376152</X>
				<Y>-916.643433</Y>
				<Z>28.7493553</Z>
				<Pitch>16.1806087</Pitch>
				<Roll>-90.00103</Roll>
				<Yaw>62.4178848</Yaw>
			</PositionRotation>
			<Attachment isAttached="true">
				<AttachedTo>44554</AttachedTo>
				<BoneIndex>8</BoneIndex>
				<X>0</X>
				<Y>0.12999998</Y>
				<Z>0</Z>
				<Pitch>59.9999924</Pitch>
				<Roll>89.9999924</Roll>
				<Yaw>0</Yaw>
			</Attachment>
		</Attachment>
		<Attachment>
			<ModelHash>0x203011a1</ModelHash>
			<Type>3</Type>
			<Dynamic>false</Dynamic>
			<FrozenPos>true</FrozenPos>
			<HashName>~italic~GhostRider~s~ Fire Candle</HashName>
			<InitialHandle>139531</InitialHandle>
			<ObjectProperties>
				<TextureVariation>255</TextureVariation>
			</ObjectProperties>
			<OpacityLevel>255</OpacityLevel>
			<LodDistance>16960</LodDistance>
			<IsVisible>true</IsVisible>
			<MaxHealth>1000</MaxHealth>
			<Health>1000</Health>
			<HasGravity>true</HasGravity>
			<IsOnFire>false</IsOnFire>
			<IsInvincible>true</IsInvincible>
			<IsBulletProof>false</IsBulletProof>
			<IsCollisionProof>false</IsCollisionProof>
			<IsExplosionProof>true</IsExplosionProof>
			<IsFireProof>false</IsFireProof>
			<IsMeleeProof>true</IsMeleeProof>
			<IsOnlyDamagedByPlayer>false</IsOnlyDamagedByPlayer>
			<PositionRotation>
				<X>-126.315681</X>
				<Y>-916.641174</Y>
				<Z>28.5357227</Z>
				<Pitch>76.180603</Pitch>
				<Roll>89.9958954</Roll>
				<Yaw>62.4215927</Yaw>
			</PositionRotation>
			<Attachment isAttached="true">
				<AttachedTo>44554</AttachedTo>
				<BoneIndex>8</BoneIndex>
				<X>-0.0299999993</X>
				<Y>-0.0899999887</Y>
				<Z>0</Z>
				<Pitch>1.33514404e-05</Pitch>
				<Roll>-89.9999924</Roll>
				<Yaw>0</Yaw>
			</Attachment>
		</Attachment>
		<Attachment>
			<ModelHash>0x203011a1</ModelHash>
			<Type>3</Type>
			<Dynamic>false</Dynamic>
			<FrozenPos>true</FrozenPos>
			<HashName>~italic~GhostRider~s~ Fire Candle</HashName>
			<InitialHandle>70920</InitialHandle>
			<ObjectProperties>
				<TextureVariation>255</TextureVariation>
			</ObjectProperties>
			<OpacityLevel>255</OpacityLevel>
			<LodDistance>16960</LodDistance>
			<IsVisible>true</IsVisible>
			<MaxHealth>1000</MaxHealth>
			<Health>1000</Health>
			<HasGravity>true</HasGravity>
			<IsOnFire>false</IsOnFire>
			<IsInvincible>true</IsInvincible>
			<IsBulletProof>false</IsBulletProof>
			<IsCollisionProof>false</IsCollisionProof>
			<IsExplosionProof>true</IsExplosionProof>
			<IsFireProof>false</IsFireProof>
			<IsMeleeProof>true</IsMeleeProof>
			<IsOnlyDamagedByPlayer>false</IsOnlyDamagedByPlayer>
			<PositionRotation>
				<X>-126.353256</X>
				<Y>-916.666687</Y>
				<Z>28.6231174</Z>
				<Pitch>76.1805878</Pitch>
				<Roll>89.9958878</Roll>
				<Yaw>62.4215927</Yaw>
			</PositionRotation>
			<Attachment isAttached="true">
				<AttachedTo>44554</AttachedTo>
				<BoneIndex>8</BoneIndex>
				<X>0.00999999978</X>
				<Y>0</Y>
				<Z>0</Z>
				<Pitch>0</Pitch>
				<Roll>-90</Roll>
				<Yaw>0</Yaw>
			</Attachment>
		</Attachment>
		<Attachment>
			<ModelHash>0x203011a1</ModelHash>
			<Type>3</Type>
			<Dynamic>false</Dynamic>
			<FrozenPos>true</FrozenPos>
			<HashName>~italic~GhostRider~s~ Fire Candle</HashName>
			<InitialHandle>112647</InitialHandle>
			<ObjectProperties>
				<TextureVariation>255</TextureVariation>
			</ObjectProperties>
			<OpacityLevel>255</OpacityLevel>
			<LodDistance>16960</LodDistance>
			<IsVisible>true</IsVisible>
			<MaxHealth>1000</MaxHealth>
			<Health>1000</Health>
			<HasGravity>true</HasGravity>
			<IsOnFire>false</IsOnFire>
			<IsInvincible>true</IsInvincible>
			<IsBulletProof>false</IsBulletProof>
			<IsCollisionProof>false</IsCollisionProof>
			<IsExplosionProof>true</IsExplosionProof>
			<IsFireProof>false</IsFireProof>
			<IsMeleeProof>true</IsMeleeProof>
			<IsOnlyDamagedByPlayer>false</IsOnlyDamagedByPlayer>
			<PositionRotation>
				<X>-126.445419</X>
				<Y>-916.6073</Y>
				<Z>28.606554</Z>
				<Pitch>76.1805878</Pitch>
				<Roll>89.9958954</Roll>
				<Yaw>62.4215927</Yaw>
			</PositionRotation>
			<Attachment isAttached="true">
				<AttachedTo>44554</AttachedTo>
				<BoneIndex>8</BoneIndex>
				<X>1.49011612e-08</X>
				<Y>0.00999999978</Y>
				<Z>0.109999985</Z>
				<Pitch>0</Pitch>
				<Roll>-89.9999924</Roll>
				<Yaw>0</Yaw>
			</Attachment>
		</Attachment>
		<Attachment>
			<ModelHash>0x203011a1</ModelHash>
			<Type>3</Type>
			<Dynamic>false</Dynamic>
			<FrozenPos>true</FrozenPos>
			<HashName>~italic~GhostRider~s~ Fire Candle</HashName>
			<InitialHandle>108297</InitialHandle>
			<ObjectProperties>
				<TextureVariation>255</TextureVariation>
			</ObjectProperties>
			<OpacityLevel>255</OpacityLevel>
			<LodDistance>16960</LodDistance>
			<IsVisible>true</IsVisible>
			<MaxHealth>1000</MaxHealth>
			<Health>1000</Health>
			<HasGravity>true</HasGravity>
			<IsOnFire>false</IsOnFire>
			<IsInvincible>true</IsInvincible>
			<IsBulletProof>false</IsBulletProof>
			<IsCollisionProof>false</IsCollisionProof>
			<IsExplosionProof>true</IsExplosionProof>
			<IsFireProof>false</IsFireProof>
			<IsMeleeProof>true</IsMeleeProof>
			<IsOnlyDamagedByPlayer>false</IsOnlyDamagedByPlayer>
			<PositionRotation>
				<X>-126.253952</X>
				<Y>-916.707275</Y>
				<Z>28.6493931</Z>
				<Pitch>76.1805878</Pitch>
				<Roll>89.9958954</Roll>
				<Yaw>62.4215927</Yaw>
			</PositionRotation>
			<Attachment isAttached="true">
				<AttachedTo>44554</AttachedTo>
				<BoneIndex>8</BoneIndex>
				<X>0</X>
				<Y>0</Y>
				<Z>-0.109999985</Z>
				<Pitch>0</Pitch>
				<Roll>-89.9999924</Roll>
				<Yaw>0</Yaw>
			</Attachment>
		</Attachment>
		<Attachment>
			<ModelHash>0x203011a1</ModelHash>
			<Type>3</Type>
			<Dynamic>false</Dynamic>
			<FrozenPos>true</FrozenPos>
			<HashName>~italic~GhostRider~s~ Fire Candle</HashName>
			<InitialHandle>164617</InitialHandle>
			<ObjectProperties>
				<TextureVariation>255</TextureVariation>
			</ObjectProperties>
			<OpacityLevel>255</OpacityLevel>
			<LodDistance>16960</LodDistance>
			<IsVisible>true</IsVisible>
			<MaxHealth>1000</MaxHealth>
			<Health>1000</Health>
			<HasGravity>true</HasGravity>
			<IsOnFire>false</IsOnFire>
			<IsInvincible>true</IsInvincible>
			<IsBulletProof>false</IsBulletProof>
			<IsCollisionProof>false</IsCollisionProof>
			<IsExplosionProof>true</IsExplosionProof>
			<IsFireProof>false</IsFireProof>
			<IsMeleeProof>true</IsMeleeProof>
			<IsOnlyDamagedByPlayer>false</IsOnlyDamagedByPlayer>
			<PositionRotation>
				<X>-127.800705</X>
				<Y>-915.899231</Y>
				<Z>28.5426559</Z>
				<Pitch>-69.8028793</Pitch>
				<Roll>89.9971771</Roll>
				<Yaw>62.4149399</Yaw>
			</PositionRotation>
			<Attachment isAttached="true">
				<AttachedTo>44554</AttachedTo>
				<BoneIndex>20</BoneIndex>
				<X>0</X>
				<Y>0</Y>
				<Z>0.129999965</Z>
				<Pitch>29.9999962</Pitch>
				<Roll>-89.9999924</Roll>
				<Yaw>0</Yaw>
			</Attachment>
		</Attachment>
		<Attachment>
			<ModelHash>0x203011a1</ModelHash>
			<Type>3</Type>
			<Dynamic>false</Dynamic>
			<FrozenPos>true</FrozenPos>
			<HashName>~italic~GhostRider~s~ Fire Candle</HashName>
			<InitialHandle>15621</InitialHandle>
			<ObjectProperties>
				<TextureVariation>255</TextureVariation>
			</ObjectProperties>
			<OpacityLevel>255</OpacityLevel>
			<LodDistance>16960</LodDistance>
			<IsVisible>true</IsVisible>
			<MaxHealth>1000</MaxHealth>
			<Health>1000</Health>
			<HasGravity>true</HasGravity>
			<IsOnFire>false</IsOnFire>
			<IsInvincible>true</IsInvincible>
			<IsBulletProof>false</IsBulletProof>
			<IsCollisionProof>false</IsCollisionProof>
			<IsExplosionProof>true</IsExplosionProof>
			<IsFireProof>false</IsFireProof>
			<IsMeleeProof>true</IsMeleeProof>
			<IsOnlyDamagedByPlayer>false</IsOnlyDamagedByPlayer>
			<PositionRotation>
				<X>-127.936882</X>
				<Y>-915.828125</Y>
				<Z>28.7270355</Z>
				<Pitch>-19.8028698</Pitch>
				<Roll>89.9989624</Roll>
				<Yaw>62.417244</Yaw>
			</PositionRotation>
			<Attachment isAttached="true">
				<AttachedTo>44554</AttachedTo>
				<BoneIndex>20</BoneIndex>
				<X>0</X>
				<Y>0</Y>
				<Z>-0.109999985</Z>
				<Pitch>-19.9999962</Pitch>
				<Roll>-89.9999924</Roll>
				<Yaw>0</Yaw>
			</Attachment>
		</Attachment>
		<Attachment>
			<ModelHash>0x203011a1</ModelHash>
			<Type>3</Type>
			<Dynamic>false</Dynamic>
			<FrozenPos>true</FrozenPos>
			<HashName>~italic~GhostRider~s~ Fire Candle</HashName>
			<InitialHandle>142856</InitialHandle>
			<ObjectProperties>
				<TextureVariation>255</TextureVariation>
			</ObjectProperties>
			<OpacityLevel>255</OpacityLevel>
			<LodDistance>16960</LodDistance>
			<IsVisible>true</IsVisible>
			<MaxHealth>1000</MaxHealth>
			<Health>1000</Health>
			<HasGravity>true</HasGravity>
			<IsOnFire>false</IsOnFire>
			<IsInvincible>true</IsInvincible>
			<IsBulletProof>false</IsBulletProof>
			<IsCollisionProof>false</IsCollisionProof>
			<IsExplosionProof>true</IsExplosionProof>
			<IsFireProof>false</IsFireProof>
			<IsMeleeProof>true</IsMeleeProof>
			<IsOnlyDamagedByPlayer>false</IsOnlyDamagedByPlayer>
			<PositionRotation>
				<X>-127.935753</X>
				<Y>-915.828674</Y>
				<Z>28.5849152</Z>
				<Pitch>-80.1971664</Pitch>
				<Roll>-89.9942169</Roll>
				<Yaw>-117.576714</Yaw>
			</PositionRotation>
			<Attachment isAttached="true">
				<AttachedTo>44554</AttachedTo>
				<BoneIndex>20</BoneIndex>
				<X>0</X>
				<Y>0.0899999887</Y>
				<Z>0</Z>
				<Pitch>59.9999962</Pitch>
				<Roll>-89.9999924</Roll>
				<Yaw>0</Yaw>
			</Attachment>
		</Attachment>
		<Attachment>
			<ModelHash>0x203011a1</ModelHash>
			<Type>3</Type>
			<Dynamic>false</Dynamic>
			<FrozenPos>true</FrozenPos>
			<HashName>~italic~GhostRider~s~ Fire Candle</HashName>
			<InitialHandle>73733</InitialHandle>
			<ObjectProperties>
				<TextureVariation>255</TextureVariation>
			</ObjectProperties>
			<OpacityLevel>255</OpacityLevel>
			<LodDistance>16960</LodDistance>
			<IsVisible>true</IsVisible>
			<MaxHealth>1000</MaxHealth>
			<Health>1000</Health>
			<HasGravity>true</HasGravity>
			<IsOnFire>false</IsOnFire>
			<IsInvincible>true</IsInvincible>
			<IsBulletProof>false</IsBulletProof>
			<IsCollisionProof>false</IsCollisionProof>
			<IsExplosionProof>true</IsExplosionProof>
			<IsFireProof>false</IsFireProof>
			<IsMeleeProof>true</IsMeleeProof>
			<IsOnlyDamagedByPlayer>false</IsOnlyDamagedByPlayer>
			<PositionRotation>
				<X>-127.806374</X>
				<Y>-915.896301</Y>
				<Z>28.706543</Z>
				<Pitch>-39.8028717</Pitch>
				<Roll>-90.0012894</Roll>
				<Yaw>62.4167786</Yaw>
			</PositionRotation>
			<Attachment isAttached="true">
				<AttachedTo>44554</AttachedTo>
				<BoneIndex>20</BoneIndex>
				<X>0</X>
				<Y>-0.0999999866</Y>
				<Z>0</Z>
				<Pitch>0</Pitch>
				<Roll>89.9999924</Roll>
				<Yaw>0</Yaw>
			</Attachment>
		</Attachment>
		<Attachment>
			<ModelHash>0x203011a1</ModelHash>
			<Type>3</Type>
			<Dynamic>false</Dynamic>
			<FrozenPos>true</FrozenPos>
			<HashName>~italic~GhostRider~s~ Fire Candle</HashName>
			<InitialHandle>69896</InitialHandle>
			<ObjectProperties>
				<TextureVariation>255</TextureVariation>
			</ObjectProperties>
			<OpacityLevel>255</OpacityLevel>
			<LodDistance>16960</LodDistance>
			<IsVisible>true</IsVisible>
			<MaxHealth>1000</MaxHealth>
			<Health>1000</Health>
			<HasGravity>true</HasGravity>
			<IsOnFire>false</IsOnFire>
			<IsInvincible>true</IsInvincible>
			<IsBulletProof>false</IsBulletProof>
			<IsCollisionProof>false</IsCollisionProof>
			<IsExplosionProof>true</IsExplosionProof>
			<IsFireProof>false</IsFireProof>
			<IsMeleeProof>true</IsMeleeProof>
			<IsOnlyDamagedByPlayer>false</IsOnlyDamagedByPlayer>
			<PositionRotation>
				<X>-127.874466</X>
				<Y>-915.860718</Y>
				<Z>28.6425285</Z>
				<Pitch>-39.8028679</Pitch>
				<Roll>89.9987259</Roll>
				<Yaw>62.4167786</Yaw>
			</PositionRotation>
			<Attachment isAttached="true">
				<AttachedTo>44554</AttachedTo>
				<BoneIndex>20</BoneIndex>
				<X>0</X>
				<Y>0</Y>
				<Z>0</Z>
				<Pitch>0</Pitch>
				<Roll>-89.9999924</Roll>
				<Yaw>0</Yaw>
			</Attachment>
		</Attachment>
		<Attachment>
			<ModelHash>0x203011a1</ModelHash>
			<Type>3</Type>
			<Dynamic>false</Dynamic>
			<FrozenPos>true</FrozenPos>
			<HashName>~italic~GhostRider~s~ Fire Candle</HashName>
			<InitialHandle>108809</InitialHandle>
			<ObjectProperties>
				<TextureVariation>255</TextureVariation>
			</ObjectProperties>
			<OpacityLevel>255</OpacityLevel>
			<LodDistance>16960</LodDistance>
			<IsVisible>true</IsVisible>
			<MaxHealth>1000</MaxHealth>
			<Health>1000</Health>
			<HasGravity>true</HasGravity>
			<IsOnFire>false</IsOnFire>
			<IsInvincible>true</IsInvincible>
			<IsBulletProof>false</IsBulletProof>
			<IsCollisionProof>false</IsCollisionProof>
			<IsExplosionProof>true</IsExplosionProof>
			<IsFireProof>false</IsFireProof>
			<IsMeleeProof>true</IsMeleeProof>
			<IsOnlyDamagedByPlayer>false</IsOnlyDamagedByPlayer>
			<PositionRotation>
				<X>-127.874466</X>
				<Y>-915.860718</Y>
				<Z>28.6425285</Z>
				<Pitch>-39.8028717</Pitch>
				<Roll>-90.0012894</Roll>
				<Yaw>62.4167786</Yaw>
			</PositionRotation>
			<Attachment isAttached="true">
				<AttachedTo>44554</AttachedTo>
				<BoneIndex>20</BoneIndex>
				<X>0</X>
				<Y>0</Y>
				<Z>0</Z>
				<Pitch>0</Pitch>
				<Roll>89.9999924</Roll>
				<Yaw>0</Yaw>
			</Attachment>
		</Attachment>
		<Attachment>
			<ModelHash>0xb34e141d</ModelHash>
			<Type>3</Type>
			<Dynamic>false</Dynamic>
			<FrozenPos>true</FrozenPos>
			<HashName>~italic~GhostRider~s~ Wheel Hub</HashName>
			<InitialHandle>55562</InitialHandle>
			<ObjectProperties>
				<TextureVariation>255</TextureVariation>
			</ObjectProperties>
			<OpacityLevel>255</OpacityLevel>
			<LodDistance>16960</LodDistance>
			<IsVisible>true</IsVisible>
			<MaxHealth>1000</MaxHealth>
			<Health>1000</Health>
			<HasGravity>true</HasGravity>
			<IsOnFire>false</IsOnFire>
			<IsInvincible>true</IsInvincible>
			<IsBulletProof>false</IsBulletProof>
			<IsCollisionProof>true</IsCollisionProof>
			<IsExplosionProof>true</IsExplosionProof>
			<IsFireProof>false</IsFireProof>
			<IsMeleeProof>true</IsMeleeProof>
			<IsOnlyDamagedByPlayer>false</IsOnlyDamagedByPlayer>
			<PositionRotation>
				<X>-127.906876</X>
				<Y>-915.922791</Y>
				<Z>28.6425266</Z>
				<Pitch>0.000975863251</Pitch>
				<Roll>140.197144</Roll>
				<Yaw>-27.5823898</Yaw>
			</PositionRotation>
			<Attachment isAttached="true">
				<AttachedTo>44554</AttachedTo>
				<BoneIndex>20</BoneIndex>
				<X>0.0699999928</X>
				<Y>0</Y>
				<Z>0</Z>
				<Pitch>0</Pitch>
				<Roll>0</Roll>
				<Yaw>89.9999924</Yaw>
			</Attachment>
		</Attachment>
		<Attachment>
			<ModelHash>0xb34e141d</ModelHash>
			<Type>3</Type>
			<Dynamic>false</Dynamic>
			<FrozenPos>true</FrozenPos>
			<HashName>~italic~GhostRider~s~ Wheel Hub</HashName>
			<InitialHandle>23818</InitialHandle>
			<ObjectProperties>
				<TextureVariation>255</TextureVariation>
			</ObjectProperties>
			<OpacityLevel>255</OpacityLevel>
			<LodDistance>16960</LodDistance>
			<IsVisible>true</IsVisible>
			<MaxHealth>1000</MaxHealth>
			<Health>1000</Health>
			<HasGravity>true</HasGravity>
			<IsOnFire>false</IsOnFire>
			<IsInvincible>true</IsInvincible>
			<IsBulletProof>false</IsBulletProof>
			<IsCollisionProof>true</IsCollisionProof>
			<IsExplosionProof>true</IsExplosionProof>
			<IsFireProof>false</IsFireProof>
			<IsMeleeProof>true</IsMeleeProof>
			<IsOnlyDamagedByPlayer>false</IsOnlyDamagedByPlayer>
			<PositionRotation>
				<X>-126.385666</X>
				<Y>-916.72876</Y>
				<Z>28.6231155</Z>
				<Pitch>0.000995926908</Pitch>
				<Roll>-103.819397</Roll>
				<Yaw>-27.5823898</Yaw>
			</PositionRotation>
			<Attachment isAttached="true">
				<AttachedTo>44554</AttachedTo>
				<BoneIndex>8</BoneIndex>
				<X>0.0799999908</X>
				<Y>0</Y>
				<Z>0</Z>
				<Pitch>0</Pitch>
				<Roll>0</Roll>
				<Yaw>89.9999924</Yaw>
			</Attachment>
		</Attachment>
		<Attachment>
			<ModelHash>0xb34e141d</ModelHash>
			<Type>3</Type>
			<Dynamic>false</Dynamic>
			<FrozenPos>true</FrozenPos>
			<HashName>~italic~GhostRider~s~ Wheel Hub</HashName>
			<InitialHandle>65800</InitialHandle>
			<ObjectProperties>
				<TextureVariation>255</TextureVariation>
			</ObjectProperties>
			<OpacityLevel>255</OpacityLevel>
			<LodDistance>16960</LodDistance>
			<IsVisible>true</IsVisible>
			<MaxHealth>1000</MaxHealth>
			<Health>1000</Health>
			<HasGravity>true</HasGravity>
			<IsOnFire>false</IsOnFire>
			<IsInvincible>true</IsInvincible>
			<IsBulletProof>false</IsBulletProof>
			<IsCollisionProof>true</IsCollisionProof>
			<IsExplosionProof>true</IsExplosionProof>
			<IsFireProof>false</IsFireProof>
			<IsMeleeProof>true</IsMeleeProof>
			<IsOnlyDamagedByPlayer>false</IsOnlyDamagedByPlayer>
			<PositionRotation>
				<X>-126.325478</X>
				<Y>-916.613525</Y>
				<Z>28.6231174</Z>
				<Pitch>-0.000994646223</Pitch>
				<Roll>113.819389</Roll>
				<Yaw>152.417603</Yaw>
			</PositionRotation>
			<Attachment isAttached="true">
				<AttachedTo>44554</AttachedTo>
				<BoneIndex>8</BoneIndex>
				<X>-0.0500000268</X>
				<Y>0</Y>
				<Z>0</Z>
				<Pitch>0</Pitch>
				<Roll>9.99999905</Roll>
				<Yaw>-90.0000153</Yaw>
			</Attachment>
		</Attachment>
		<Attachment>
			<ModelHash>0xb34e141d</ModelHash>
			<Type>3</Type>
			<Dynamic>false</Dynamic>
			<FrozenPos>true</FrozenPos>
			<HashName>~italic~GhostRider~s~ Wheel Hub</HashName>
			<InitialHandle>119560</InitialHandle>
			<ObjectProperties>
				<TextureVariation>255</TextureVariation>
			</ObjectProperties>
			<OpacityLevel>255</OpacityLevel>
			<LodDistance>16960</LodDistance>
			<IsVisible>true</IsVisible>
			<MaxHealth>1000</MaxHealth>
			<Health>1000</Health>
			<HasGravity>true</HasGravity>
			<IsOnFire>false</IsOnFire>
			<IsInvincible>true</IsInvincible>
			<IsBulletProof>false</IsBulletProof>
			<IsCollisionProof>true</IsCollisionProof>
			<IsExplosionProof>true</IsExplosionProof>
			<IsFireProof>false</IsFireProof>
			<IsMeleeProof>true</IsMeleeProof>
			<IsOnlyDamagedByPlayer>false</IsOnlyDamagedByPlayer>
			<PositionRotation>
				<X>-127.840157</X>
				<Y>-915.799683</Y>
				<Z>28.6636353</Z>
				<Pitch>5.77223921</Pitch>
				<Roll>12.983963</Roll>
				<Yaw>-26.058754</Yaw>
			</PositionRotation>
			<Attachment isAttached="true">
				<AttachedTo>44554</AttachedTo>
				<BoneIndex>0</BoneIndex>
				<X>-0.0700001866</X>
				<Y>-0.749999642</Y>
				<Z>-0.159999982</Z>
				<Pitch>5.7099061</Pitch>
				<Roll>10.8200073</Roll>
				<Yaw>91.7401199</Yaw>
			</Attachment>
		</Attachment>
		<Attachment>
			<ModelHash>0xc079b265</ModelHash>
			<Type>3</Type>
			<Dynamic>false</Dynamic>
			<FrozenPos>true</FrozenPos>
			<HashName>prop_beach_fire</HashName>
			<InitialHandle>125962</InitialHandle>
			<ObjectProperties>
				<TextureVariation>0</TextureVariation>
			</ObjectProperties>
			<OpacityLevel>0</OpacityLevel>
			<LodDistance>16960</LodDistance>
			<IsVisible>true</IsVisible>
			<MaxHealth>1000</MaxHealth>
			<Health>0</Health>
			<HasGravity>true</HasGravity>
			<IsOnFire>true</IsOnFire>
			<IsInvincible>false</IsInvincible>
			<IsBulletProof>false</IsBulletProof>
			<IsCollisionProof>false</IsCollisionProof>
			<IsExplosionProof>false</IsExplosionProof>
			<IsFireProof>false</IsFireProof>
			<IsMeleeProof>false</IsMeleeProof>
			<IsOnlyDamagedByPlayer>false</IsOnlyDamagedByPlayer>
			<PositionRotation>
				<X>-127.926109</X>
				<Y>-915.892517</Y>
				<Z>28.5789433</Z>
				<Pitch>87.8411484</Pitch>
				<Roll>89.2833862</Roll>
				<Yaw>-117.931198</Yaw>
			</PositionRotation>
			<Attachment isAttached="true">
				<AttachedTo>44554</AttachedTo>
				<BoneIndex>0</BoneIndex>
				<X>0.0520890951</X>
				<Y>-0.779992342</Y>
				<Z>-0.245878354</Z>
				<Pitch>90.0131912</Pitch>
				<Roll>-23.8455849</Roll>
				<Yaw>-247.219635</Yaw>
			</Attachment>
		</Attachment>
		<Attachment>
			<ModelHash>0xc079b265</ModelHash>
			<Type>3</Type>
			<Dynamic>false</Dynamic>
			<FrozenPos>true</FrozenPos>
			<HashName>prop_beach_fire</HashName>
			<InitialHandle>14085</InitialHandle>
			<TaskSequence>
				<Task>
					<Type>39</Type>
					<Duration>1000</Duration>
					<KeepTaskRunningAfterTime>-2</KeepTaskRunningAfterTime>
					<IsLoopedTask>true</IsLoopedTask>
					<Delay>500</Delay>
					<AssetName>core</AssetName>
					<EffectName>ent_sht_flame</EffectName>
					<Scale>0.800000012</Scale>
					<Colour R="255" G="255" B="255" A="255" />
					<RelativePosition X="-0.449999839" Y="-0.0600000024" Z="-0.159999982" />
					<RelativeRotation X="-116.000015" Y="-96.0000153" Z="169.999985" />
				</Task>
			</TaskSequence>
			<ObjectProperties>
				<TextureVariation>0</TextureVariation>
			</ObjectProperties>
			<OpacityLevel>0</OpacityLevel>
			<LodDistance>16960</LodDistance>
			<IsVisible>true</IsVisible>
			<MaxHealth>1000</MaxHealth>
			<Health>0</Health>
			<HasGravity>true</HasGravity>
			<IsOnFire>true</IsOnFire>
			<IsInvincible>false</IsInvincible>
			<IsBulletProof>false</IsBulletProof>
			<IsCollisionProof>false</IsCollisionProof>
			<IsExplosionProof>false</IsExplosionProof>
			<IsFireProof>false</IsFireProof>
			<IsMeleeProof>false</IsMeleeProof>
			<IsOnlyDamagedByPlayer>false</IsOnlyDamagedByPlayer>
			<PositionRotation>
				<X>-127.825859</X>
				<Y>-915.786926</Y>
				<Z>28.5774422</Z>
				<Pitch>87.8411484</Pitch>
				<Roll>-92.7164612</Roll>
				<Yaw>-117.931351</Yaw>
			</PositionRotation>
			<Attachment isAttached="true">
				<AttachedTo>44554</AttachedTo>
				<BoneIndex>0</BoneIndex>
				<X>-0.0879108906</X>
				<Y>-0.73999238</Y>
				<Z>-0.245878354</Z>
				<Pitch>90.0131912</Pitch>
				<Roll>154.154419</Roll>
				<Yaw>-247.219635</Yaw>
			</Attachment>
		</Attachment>
		<Attachment>
			<ModelHash>0xc079b265</ModelHash>
			<Type>3</Type>
			<Dynamic>false</Dynamic>
			<FrozenPos>true</FrozenPos>
			<HashName>prop_beach_fire</HashName>
			<InitialHandle>76804</InitialHandle>
			<ObjectProperties>
				<TextureVariation>0</TextureVariation>
			</ObjectProperties>
			<OpacityLevel>0</OpacityLevel>
			<LodDistance>16960</LodDistance>
			<IsVisible>true</IsVisible>
			<MaxHealth>1000</MaxHealth>
			<Health>0</Health>
			<HasGravity>true</HasGravity>
			<IsOnFire>true</IsOnFire>
			<IsInvincible>false</IsInvincible>
			<IsBulletProof>false</IsBulletProof>
			<IsCollisionProof>false</IsCollisionProof>
			<IsExplosionProof>false</IsExplosionProof>
			<IsFireProof>false</IsFireProof>
			<IsMeleeProof>false</IsMeleeProof>
			<IsOnlyDamagedByPlayer>false</IsOnlyDamagedByPlayer>
			<PositionRotation>
				<X>-126.300163</X>
				<Y>-916.606567</Y>
				<Z>28.5923615</Z>
				<Pitch>87.8411484</Pitch>
				<Roll>-92.7164612</Roll>
				<Yaw>-117.931351</Yaw>
			</PositionRotation>
			<Attachment isAttached="true">
				<AttachedTo>44554</AttachedTo>
				<BoneIndex>0</BoneIndex>
				<X>-0.0679108948</X>
				<Y>0.990006566</Y>
				<Z>-0.165878311</Z>
				<Pitch>90.0131912</Pitch>
				<Roll>154.154419</Roll>
				<Yaw>-247.219635</Yaw>
			</Attachment>
		</Attachment>
	</SpoonerAttachments>
</Vehicle>
