<?xml version="1.0" encoding="ISO-8859-1"?>
<Vehicle menyoo_ver="0.99987672b">
	<ModelHash>0xb9210fd0</ModelHash>
	<InitialHandle>91941</InitialHandle>
	<VehicleProperties>
		<Colours>
			<Primary>1</Primary>
			<Secondary>1</Secondary>
			<Pearl>18</Pearl>
			<Rim>156</Rim>
			<Mod1_a>6</Mod1_a>
			<Mod1_b>-1</Mod1_b>
			<Mod1_c>-1</Mod1_c>
			<Mod2_a>6</Mod2_a>
			<Mod2_b>-1</Mod2_b>
			<IsPrimaryColourCustom>false</IsPrimaryColourCustom>
			<IsSecondaryColourCustom>false</IsSecondaryColourCustom>
			<tyreSmoke_R>255</tyreSmoke_R>
			<tyreSmoke_G>255</tyreSmoke_G>
			<tyreSmoke_B>255</tyreSmoke_B>
			<LrInterior>0</LrInterior>
			<LrDashboard>0</LrDashboard>
		</Colours>
		<Livery>-1</Livery>
		<NumberPlateText>46DWP995</NumberPlateText>
		<NumberPlateIndex>1</NumberPlateIndex>
		<WheelType>3</WheelType>
		<WheelsInvisible>false</WheelsInvisible>
		<EngineSoundName>DUNE2</EngineSoundName>
		<WindowTint>-1</WindowTint>
		<BulletProofTyres>true</BulletProofTyres>
		<DirtLevel>0.275643945</DirtLevel>
		<PaintFade>0.298039228</PaintFade>
		<RoofState>0</RoofState>
		<SirenActive>false</SirenActive>
		<EngineOn>true</EngineOn>
		<EngineHealth>1000</EngineHealth>
		<LightsOn>false</LightsOn>
		<IsRadioLoud>1</IsRadioLoud>
		<LockStatus>0</LockStatus>
		<Neons>
			<Left>false</Left>
			<Right>false</Right>
			<Front>false</Front>
			<Back>false</Back>
			<R>255</R>
			<G>0</G>
			<B>255</B>
		</Neons>
		<ModExtras>
			<_1>true</_1>
			<_2>false</_2>
			<_3>false</_3>
			<_11>true</_11>
			<_12>false</_12>
		</ModExtras>
		<Mods>
			<_0>-1,0</_0>
			<_1>-1,0</_1>
			<_2>-1,0</_2>
			<_3>-1,0</_3>
			<_4>-1,0</_4>
			<_5>-1,0</_5>
			<_6>-1,0</_6>
			<_7>-1,0</_7>
			<_8>-1,0</_8>
			<_9>-1,0</_9>
			<_10>-1,0</_10>
			<_11>3,0</_11>
			<_12>2,0</_12>
			<_13>2,0</_13>
			<_14>-1,0</_14>
			<_15>-1,0</_15>
			<_16>4,0</_16>
			<_17>false</_17>
			<_18>true</_18>
			<_19>false</_19>
			<_20>false</_20>
			<_21>false</_21>
			<_22>true</_22>
			<_23>-1,0</_23>
			<_24>-1,0</_24>
			<_25>-1,0</_25>
			<_26>-1,0</_26>
			<_27>-1,0</_27>
			<_28>-1,0</_28>
			<_29>-1,0</_29>
			<_30>-1,0</_30>
			<_31>-1,0</_31>
			<_32>-1,0</_32>
			<_33>-1,0</_33>
			<_34>-1,0</_34>
			<_35>-1,0</_35>
			<_36>-1,0</_36>
			<_37>-1,0</_37>
			<_38>-1,0</_38>
			<_39>-1,0</_39>
			<_40>-1,0</_40>
			<_41>-1,0</_41>
			<_42>-1,0</_42>
			<_43>-1,0</_43>
			<_44>-1,0</_44>
			<_45>-1,0</_45>
			<_46>-1,0</_46>
			<_47>-1,0</_47>
			<_48>-1,0</_48>
		</Mods>
		<DoorsOpen>
			<BackLeftDoor>false</BackLeftDoor>
			<BackRightDoor>false</BackRightDoor>
			<FrontLeftDoor>false</FrontLeftDoor>
			<FrontRightDoor>false</FrontRightDoor>
			<Hood>false</Hood>
			<Trunk>false</Trunk>
			<Trunk2>false</Trunk2>
		</DoorsOpen>
		<DoorsBroken>
			<BackLeftDoor>false</BackLeftDoor>
			<BackRightDoor>false</BackRightDoor>
			<FrontLeftDoor>false</FrontLeftDoor>
			<FrontRightDoor>false</FrontRightDoor>
			<Hood>false</Hood>
			<Trunk>false</Trunk>
			<Trunk2>false</Trunk2>
		</DoorsBroken>
		<TyresBursted>
			<FrontLeft>false</FrontLeft>
			<FrontRight>false</FrontRight>
			<_2>false</_2>
			<_3>false</_3>
			<BackLeft>false</BackLeft>
			<BackRight>false</BackRight>
			<_6>false</_6>
			<_7>false</_7>
			<_8>false</_8>
		</TyresBursted>
		<RpmMultiplier>3.99999857</RpmMultiplier>
		<TorqueMultiplier>3.99999857</TorqueMultiplier>
		<HeadlightIntensity>1</HeadlightIntensity>
	</VehicleProperties>
	<OpacityLevel>255</OpacityLevel>
	<LodDistance>16960</LodDistance>
	<IsVisible>false</IsVisible>
	<IsDriverVisible>true</IsDriverVisible>
	<MaxHealth>1000</MaxHealth>
	<Health>1000</Health>
	<HasGravity>true</HasGravity>
	<IsOnFire>false</IsOnFire>
	<IsInvincible>true</IsInvincible>
	<IsBulletProof>true</IsBulletProof>
	<IsExplosionProof>true</IsExplosionProof>
	<IsFireProof>false</IsFireProof>
	<IsMeleeProof>true</IsMeleeProof>
	<IsOnlyDamagedByPlayer>false</IsOnlyDamagedByPlayer>
	<SpoonerAttachments SetAttachmentsPersistentAndAddToSpoonerDatabase="true" StartTaskSequencesOnLoad="true">
		<Attachment>
			<ModelHash>0x3dee5eda</ModelHash>
			<Type>2</Type>
			<Dynamic>true</Dynamic>
			<FrozenPos>false</FrozenPos>
			<HashName>Blista Compact</HashName>
			<InitialHandle>80982</InitialHandle>
			<VehicleProperties>
				<Colours>
					<Primary>8</Primary>
					<Secondary>8</Secondary>
					<Pearl>0</Pearl>
					<Rim>0</Rim>
					<Mod1_a>6</Mod1_a>
					<Mod1_b>-1</Mod1_b>
					<Mod1_c>-1</Mod1_c>
					<Mod2_a>6</Mod2_a>
					<Mod2_b>-1</Mod2_b>
					<IsPrimaryColourCustom>false</IsPrimaryColourCustom>
					<IsSecondaryColourCustom>false</IsSecondaryColourCustom>
					<tyreSmoke_R>255</tyreSmoke_R>
					<tyreSmoke_G>255</tyreSmoke_G>
					<tyreSmoke_B>255</tyreSmoke_B>
					<LrInterior>0</LrInterior>
					<LrDashboard>0</LrDashboard>
				</Colours>
				<Livery>-1</Livery>
				<NumberPlateText>BAC2DFUT</NumberPlateText>
				<NumberPlateIndex>1</NumberPlateIndex>
				<WheelType>4</WheelType>
				<WheelsInvisible>false</WheelsInvisible>
				<EngineSoundName></EngineSoundName>
				<WindowTint>2</WindowTint>
				<BulletProofTyres>false</BulletProofTyres>
				<DirtLevel>0</DirtLevel>
				<PaintFade>0.298039228</PaintFade>
				<RoofState>0</RoofState>
				<SirenActive>false</SirenActive>
				<EngineOn>true</EngineOn>
				<EngineHealth>1000</EngineHealth>
				<LightsOn>true</LightsOn>
				<IsRadioLoud>0</IsRadioLoud>
				<LockStatus>0</LockStatus>
				<Neons>
					<Left>true</Left>
					<Right>true</Right>
					<Front>true</Front>
					<Back>true</Back>
					<R>3</R>
					<G>83</G>
					<B>255</B>
				</Neons>
				<DoorsOpen>
					<BackLeftDoor>false</BackLeftDoor>
					<BackRightDoor>false</BackRightDoor>
					<FrontLeftDoor>false</FrontLeftDoor>
					<FrontRightDoor>false</FrontRightDoor>
					<Hood>false</Hood>
					<Trunk>false</Trunk>
					<Trunk2>false</Trunk2>
				</DoorsOpen>
				<DoorsBroken>
					<BackLeftDoor>false</BackLeftDoor>
					<BackRightDoor>false</BackRightDoor>
					<FrontLeftDoor>false</FrontLeftDoor>
					<FrontRightDoor>false</FrontRightDoor>
					<Hood>false</Hood>
					<Trunk>false</Trunk>
					<Trunk2>false</Trunk2>
				</DoorsBroken>
				<TyresBursted>
					<FrontLeft>true</FrontLeft>
					<FrontRight>true</FrontRight>
					<_2>false</_2>
					<_3>false</_3>
					<BackLeft>true</BackLeft>
					<BackRight>true</BackRight>
					<_6>true</_6>
					<_7>true</_7>
					<_8>false</_8>
				</TyresBursted>
				<RpmMultiplier>1</RpmMultiplier>
				<TorqueMultiplier>1</TorqueMultiplier>
				<HeadlightIntensity>1</HeadlightIntensity>
				<ModExtras>
					<_2>true</_2>
				</ModExtras>
				<Mods>
					<_0>-1,0</_0>
					<_1>-1,0</_1>
					<_2>-1,0</_2>
					<_3>0,0</_3>
					<_4>1,0</_4>
					<_5>0,0</_5>
					<_6>-1,0</_6>
					<_7>1,0</_7>
					<_8>-1,0</_8>
					<_9>-1,0</_9>
					<_10>0,0</_10>
					<_11>-1,0</_11>
					<_12>-1,0</_12>
					<_13>-1,0</_13>
					<_14>-1,0</_14>
					<_15>-1,0</_15>
					<_16>4,0</_16>
					<_17>false</_17>
					<_18>false</_18>
					<_19>false</_19>
					<_20>false</_20>
					<_21>false</_21>
					<_22>true</_22>
					<_23>1,0</_23>
					<_24>-1,0</_24>
					<_25>-1,0</_25>
					<_26>-1,0</_26>
					<_27>-1,0</_27>
					<_28>-1,0</_28>
					<_29>-1,0</_29>
					<_30>-1,0</_30>
					<_31>-1,0</_31>
					<_32>-1,0</_32>
					<_33>-1,0</_33>
					<_34>-1,0</_34>
					<_35>-1,0</_35>
					<_36>-1,0</_36>
					<_37>-1,0</_37>
					<_38>-1,0</_38>
					<_39>-1,0</_39>
					<_40>-1,0</_40>
					<_41>-1,0</_41>
					<_42>-1,0</_42>
					<_43>-1,0</_43>
					<_44>-1,0</_44>
					<_45>-1,0</_45>
					<_46>-1,0</_46>
					<_47>-1,0</_47>
					<_48>-1,0</_48>
				</Mods>
			</VehicleProperties>
			<OpacityLevel>255</OpacityLevel>
			<LodDistance>16960</LodDistance>
			<IsVisible>true</IsVisible>
			<MaxHealth>1000</MaxHealth>
			<Health>999</Health>
			<HasGravity>true</HasGravity>
			<IsOnFire>false</IsOnFire>
			<IsInvincible>true</IsInvincible>
			<IsBulletProof>false</IsBulletProof>
			<IsCollisionProof>true</IsCollisionProof>
			<IsExplosionProof>true</IsExplosionProof>
			<IsFireProof>true</IsFireProof>
			<IsMeleeProof>true</IsMeleeProof>
			<IsOnlyDamagedByPlayer>false</IsOnlyDamagedByPlayer>
			<PositionRotation>
				<X>1477.33325</X>
				<Y>3194.78711</Y>
				<Z>40.7917023</Z>
				<Pitch>-0.105028063</Pitch>
				<Roll>-0.334303766</Roll>
				<Yaw>116.489799</Yaw>
			</PositionRotation>
			<Attachment isAttached="true">
				<AttachedTo>91941</AttachedTo>
				<BoneIndex>0</BoneIndex>
				<X>-0.170000002</X>
				<Y>0.769999564</Y>
				<Z>0.359999955</Z>
				<Pitch>0</Pitch>
				<Roll>0</Roll>
				<Yaw>0</Yaw>
			</Attachment>
		</Attachment>
		<Attachment>
			<ModelHash>0x3086f33b</ModelHash>
			<Type>3</Type>
			<Dynamic>false</Dynamic>
			<FrozenPos>true</FrozenPos>
			<HashName>prop_tornado_wheel</HashName>
			<InitialHandle>58159</InitialHandle>
			<ObjectProperties>
				<TextureVariation>0</TextureVariation>
			</ObjectProperties>
			<OpacityLevel>255</OpacityLevel>
			<LodDistance>16960</LodDistance>
			<IsVisible>true</IsVisible>
			<MaxHealth>1000</MaxHealth>
			<Health>0</Health>
			<HasGravity>true</HasGravity>
			<IsOnFire>false</IsOnFire>
			<IsInvincible>true</IsInvincible>
			<IsBulletProof>false</IsBulletProof>
			<IsCollisionProof>true</IsCollisionProof>
			<IsExplosionProof>true</IsExplosionProof>
			<IsFireProof>true</IsFireProof>
			<IsMeleeProof>true</IsMeleeProof>
			<IsOnlyDamagedByPlayer>false</IsOnlyDamagedByPlayer>
			<PositionRotation>
				<X>1478.17114</X>
				<Y>3196.17896</Y>
				<Z>40.4692955</Z>
				<Pitch>-0.10502781</Pitch>
				<Roll>89.6656799</Roll>
				<Yaw>116.489799</Yaw>
			</PositionRotation>
			<Attachment isAttached="true">
				<AttachedTo>91941</AttachedTo>
				<BoneIndex>0</BoneIndex>
				<X>0.69999969</X>
				<Y>-0.599999905</Y>
				<Z>0.0300000366</Z>
				<Pitch>0</Pitch>
				<Roll>89.9999924</Roll>
				<Yaw>0</Yaw>
			</Attachment>
		</Attachment>
		<Attachment>
			<ModelHash>0x3086f33b</ModelHash>
			<Type>3</Type>
			<Dynamic>false</Dynamic>
			<FrozenPos>true</FrozenPos>
			<HashName>prop_tornado_wheel</HashName>
			<InitialHandle>99895</InitialHandle>
			<ObjectProperties>
				<TextureVariation>0</TextureVariation>
			</ObjectProperties>
			<OpacityLevel>255</OpacityLevel>
			<LodDistance>16960</LodDistance>
			<IsVisible>true</IsVisible>
			<MaxHealth>1000</MaxHealth>
			<Health>1000</Health>
			<HasGravity>true</HasGravity>
			<IsOnFire>false</IsOnFire>
			<IsInvincible>true</IsInvincible>
			<IsBulletProof>false</IsBulletProof>
			<IsCollisionProof>true</IsCollisionProof>
			<IsExplosionProof>true</IsExplosionProof>
			<IsFireProof>true</IsFireProof>
			<IsMeleeProof>true</IsMeleeProof>
			<IsOnlyDamagedByPlayer>false</IsOnlyDamagedByPlayer>
			<PositionRotation>
				<X>1478.92932</X>
				<Y>3194.65747</Y>
				<Z>40.449379</Z>
				<Pitch>-0.10502781</Pitch>
				<Roll>89.6656799</Roll>
				<Yaw>116.489799</Yaw>
			</PositionRotation>
			<Attachment isAttached="true">
				<AttachedTo>91941</AttachedTo>
				<BoneIndex>0</BoneIndex>
				<X>-0.999999404</X>
				<Y>-0.599999905</Y>
				<Z>0.0200000368</Z>
				<Pitch>0</Pitch>
				<Roll>89.9999924</Roll>
				<Yaw>0</Yaw>
			</Attachment>
		</Attachment>
		<Attachment>
			<ModelHash>0x3086f33b</ModelHash>
			<Type>3</Type>
			<Dynamic>false</Dynamic>
			<FrozenPos>true</FrozenPos>
			<HashName>prop_tornado_wheel</HashName>
			<InitialHandle>42069</InitialHandle>
			<ObjectProperties>
				<TextureVariation>0</TextureVariation>
			</ObjectProperties>
			<OpacityLevel>255</OpacityLevel>
			<LodDistance>16960</LodDistance>
			<IsVisible>true</IsVisible>
			<MaxHealth>1000</MaxHealth>
			<Health>1000</Health>
			<HasGravity>true</HasGravity>
			<IsOnFire>false</IsOnFire>
			<IsInvincible>true</IsInvincible>
			<IsBulletProof>false</IsBulletProof>
			<IsCollisionProof>true</IsCollisionProof>
			<IsExplosionProof>true</IsExplosionProof>
			<IsFireProof>true</IsFireProof>
			<IsMeleeProof>true</IsMeleeProof>
			<IsOnlyDamagedByPlayer>false</IsOnlyDamagedByPlayer>
			<PositionRotation>
				<X>1475.70984</X>
				<Y>3194.95215</Y>
				<Z>40.4642563</Z>
				<Pitch>-0.10502781</Pitch>
				<Roll>89.6656799</Roll>
				<Yaw>116.489799</Yaw>
			</PositionRotation>
			<Attachment isAttached="true">
				<AttachedTo>91941</AttachedTo>
				<BoneIndex>0</BoneIndex>
				<X>0.69999969</X>
				<Y>2.14999819</Y>
				<Z>0.0300000366</Z>
				<Pitch>0</Pitch>
				<Roll>89.9999924</Roll>
				<Yaw>0</Yaw>
			</Attachment>
		</Attachment>
		<Attachment>
			<ModelHash>0x3086f33b</ModelHash>
			<Type>3</Type>
			<Dynamic>false</Dynamic>
			<FrozenPos>true</FrozenPos>
			<HashName>prop_tornado_wheel</HashName>
			<InitialHandle>47416</InitialHandle>
			<ObjectProperties>
				<TextureVariation>0</TextureVariation>
			</ObjectProperties>
			<OpacityLevel>255</OpacityLevel>
			<LodDistance>16960</LodDistance>
			<IsVisible>true</IsVisible>
			<MaxHealth>1000</MaxHealth>
			<Health>1000</Health>
			<HasGravity>true</HasGravity>
			<IsOnFire>false</IsOnFire>
			<IsInvincible>true</IsInvincible>
			<IsBulletProof>false</IsBulletProof>
			<IsCollisionProof>true</IsCollisionProof>
			<IsExplosionProof>true</IsExplosionProof>
			<IsFireProof>true</IsFireProof>
			<IsMeleeProof>true</IsMeleeProof>
			<IsOnlyDamagedByPlayer>false</IsOnlyDamagedByPlayer>
			<PositionRotation>
				<X>1476.48596</X>
				<Y>3193.39502</Y>
				<Z>40.4541016</Z>
				<Pitch>-0.10502781</Pitch>
				<Roll>89.6656799</Roll>
				<Yaw>116.489799</Yaw>
			</PositionRotation>
			<Attachment isAttached="true">
				<AttachedTo>91941</AttachedTo>
				<BoneIndex>0</BoneIndex>
				<X>-1.04000056</X>
				<Y>2.14999819</Y>
				<Z>0.0300000366</Z>
				<Pitch>0</Pitch>
				<Roll>89.9999924</Roll>
				<Yaw>0</Yaw>
			</Attachment>
		</Attachment>
		<Attachment>
			<ModelHash>0x1f036a32</ModelHash>
			<Type>3</Type>
			<Dynamic>false</Dynamic>
			<FrozenPos>true</FrozenPos>
			<HashName>w_am_digiscanner</HashName>
			<InitialHandle>45860</InitialHandle>
			<ObjectProperties>
				<TextureVariation>0</TextureVariation>
			</ObjectProperties>
			<OpacityLevel>255</OpacityLevel>
			<LodDistance>16960</LodDistance>
			<IsVisible>true</IsVisible>
			<MaxHealth>1000</MaxHealth>
			<Health>1000</Health>
			<HasGravity>true</HasGravity>
			<IsOnFire>false</IsOnFire>
			<IsInvincible>true</IsInvincible>
			<IsBulletProof>false</IsBulletProof>
			<IsCollisionProof>true</IsCollisionProof>
			<IsExplosionProof>true</IsExplosionProof>
			<IsFireProof>true</IsFireProof>
			<IsMeleeProof>true</IsMeleeProof>
			<IsOnlyDamagedByPlayer>false</IsOnlyDamagedByPlayer>
			<PositionRotation>
				<X>1478.08179</X>
				<Y>3196.13281</Y>
				<Z>40.7091064</Z>
				<Pitch>0.10502702</Pitch>
				<Roll>40.3343048</Roll>
				<Yaw>-63.5101547</Yaw>
			</PositionRotation>
			<Attachment isAttached="true">
				<AttachedTo>91941</AttachedTo>
				<BoneIndex>0</BoneIndex>
				<X>0.700000167</X>
				<Y>-0.50000006</Y>
				<Z>0.269999981</Z>
				<Pitch>0</Pitch>
				<Roll>40.0000038</Roll>
				<Yaw>180.000031</Yaw>
			</Attachment>
		</Attachment>
		<Attachment>
			<ModelHash>0x1f036a32</ModelHash>
			<Type>3</Type>
			<Dynamic>false</Dynamic>
			<FrozenPos>true</FrozenPos>
			<HashName>w_am_digiscanner</HashName>
			<InitialHandle>160835</InitialHandle>
			<ObjectProperties>
				<TextureVariation>0</TextureVariation>
			</ObjectProperties>
			<OpacityLevel>255</OpacityLevel>
			<LodDistance>16960</LodDistance>
			<IsVisible>true</IsVisible>
			<MaxHealth>1000</MaxHealth>
			<Health>1000</Health>
			<HasGravity>true</HasGravity>
			<IsOnFire>false</IsOnFire>
			<IsInvincible>true</IsInvincible>
			<IsBulletProof>false</IsBulletProof>
			<IsCollisionProof>true</IsCollisionProof>
			<IsExplosionProof>true</IsExplosionProof>
			<IsFireProof>true</IsFireProof>
			<IsMeleeProof>true</IsMeleeProof>
			<IsOnlyDamagedByPlayer>false</IsOnlyDamagedByPlayer>
			<PositionRotation>
				<X>1478.26086</X>
				<Y>3196.22192</Y>
				<Z>40.7094765</Z>
				<Pitch>0.10502702</Pitch>
				<Roll>40.3343048</Roll>
				<Yaw>-63.5101547</Yaw>
			</PositionRotation>
			<Attachment isAttached="true">
				<AttachedTo>91941</AttachedTo>
				<BoneIndex>0</BoneIndex>
				<X>0.700000167</X>
				<Y>-0.699999869</Y>
				<Z>0.269999981</Z>
				<Pitch>0</Pitch>
				<Roll>40.0000038</Roll>
				<Yaw>180.000031</Yaw>
			</Attachment>
		</Attachment>
		<Attachment>
			<ModelHash>0x1f036a32</ModelHash>
			<Type>3</Type>
			<Dynamic>false</Dynamic>
			<FrozenPos>true</FrozenPos>
			<HashName>w_am_digiscanner</HashName>
			<InitialHandle>151863</InitialHandle>
			<ObjectProperties>
				<TextureVariation>0</TextureVariation>
			</ObjectProperties>
			<OpacityLevel>255</OpacityLevel>
			<LodDistance>16960</LodDistance>
			<IsVisible>true</IsVisible>
			<MaxHealth>1000</MaxHealth>
			<Health>1000</Health>
			<HasGravity>true</HasGravity>
			<IsOnFire>false</IsOnFire>
			<IsInvincible>true</IsInvincible>
			<IsBulletProof>false</IsBulletProof>
			<IsCollisionProof>true</IsCollisionProof>
			<IsExplosionProof>true</IsExplosionProof>
			<IsFireProof>true</IsFireProof>
			<IsMeleeProof>true</IsMeleeProof>
			<IsOnlyDamagedByPlayer>false</IsOnlyDamagedByPlayer>
			<PositionRotation>
				<X>1475.62048</X>
				<Y>3194.90625</Y>
				<Z>40.7040672</Z>
				<Pitch>0.10502702</Pitch>
				<Roll>40.3343048</Roll>
				<Yaw>-63.5101547</Yaw>
			</PositionRotation>
			<Attachment isAttached="true">
				<AttachedTo>91941</AttachedTo>
				<BoneIndex>0</BoneIndex>
				<X>0.700000167</X>
				<Y>2.25000024</Y>
				<Z>0.269999981</Z>
				<Pitch>0</Pitch>
				<Roll>40.0000038</Roll>
				<Yaw>180.000031</Yaw>
			</Attachment>
		</Attachment>
		<Attachment>
			<ModelHash>0x1f036a32</ModelHash>
			<Type>3</Type>
			<Dynamic>false</Dynamic>
			<FrozenPos>true</FrozenPos>
			<HashName>w_am_digiscanner</HashName>
			<InitialHandle>153662</InitialHandle>
			<ObjectProperties>
				<TextureVariation>0</TextureVariation>
			</ObjectProperties>
			<OpacityLevel>255</OpacityLevel>
			<LodDistance>16960</LodDistance>
			<IsVisible>true</IsVisible>
			<MaxHealth>1000</MaxHealth>
			<Health>1000</Health>
			<HasGravity>true</HasGravity>
			<IsOnFire>false</IsOnFire>
			<IsInvincible>true</IsInvincible>
			<IsBulletProof>false</IsBulletProof>
			<IsCollisionProof>true</IsCollisionProof>
			<IsExplosionProof>true</IsExplosionProof>
			<IsFireProof>true</IsFireProof>
			<IsMeleeProof>true</IsMeleeProof>
			<IsOnlyDamagedByPlayer>false</IsOnlyDamagedByPlayer>
			<PositionRotation>
				<X>1475.79956</X>
				<Y>3194.99536</Y>
				<Z>40.7044334</Z>
				<Pitch>0.10502702</Pitch>
				<Roll>40.3343048</Roll>
				<Yaw>-63.5101547</Yaw>
			</PositionRotation>
			<Attachment isAttached="true">
				<AttachedTo>91941</AttachedTo>
				<BoneIndex>0</BoneIndex>
				<X>0.700000167</X>
				<Y>2.05000043</Y>
				<Z>0.269999981</Z>
				<Pitch>0</Pitch>
				<Roll>40.0000038</Roll>
				<Yaw>180.000031</Yaw>
			</Attachment>
		</Attachment>
		<Attachment>
			<ModelHash>0x1f036a32</ModelHash>
			<Type>3</Type>
			<Dynamic>false</Dynamic>
			<FrozenPos>true</FrozenPos>
			<HashName>w_am_digiscanner</HashName>
			<InitialHandle>163636</InitialHandle>
			<ObjectProperties>
				<TextureVariation>0</TextureVariation>
			</ObjectProperties>
			<OpacityLevel>255</OpacityLevel>
			<LodDistance>16960</LodDistance>
			<IsVisible>true</IsVisible>
			<MaxHealth>1000</MaxHealth>
			<Health>1000</Health>
			<HasGravity>true</HasGravity>
			<IsOnFire>false</IsOnFire>
			<IsInvincible>true</IsInvincible>
			<IsBulletProof>false</IsBulletProof>
			<IsCollisionProof>true</IsCollisionProof>
			<IsExplosionProof>true</IsExplosionProof>
			<IsFireProof>true</IsFireProof>
			<IsMeleeProof>true</IsMeleeProof>
			<IsOnlyDamagedByPlayer>false</IsOnlyDamagedByPlayer>
			<PositionRotation>
				<X>1478.84009</X>
				<Y>3194.61133</Y>
				<Z>40.6991882</Z>
				<Pitch>-0.105029583</Pitch>
				<Roll>39.6656952</Roll>
				<Yaw>116.489853</Yaw>
			</PositionRotation>
			<Attachment isAttached="true">
				<AttachedTo>91941</AttachedTo>
				<BoneIndex>0</BoneIndex>
				<X>-0.999998927</X>
				<Y>-0.50000006</Y>
				<Z>0.269999981</Z>
				<Pitch>0</Pitch>
				<Roll>40.0000038</Roll>
				<Yaw>4.76837158e-05</Yaw>
			</Attachment>
		</Attachment>
		<Attachment>
			<ModelHash>0x1f036a32</ModelHash>
			<Type>3</Type>
			<Dynamic>false</Dynamic>
			<FrozenPos>true</FrozenPos>
			<HashName>w_am_digiscanner</HashName>
			<InitialHandle>35893</InitialHandle>
			<ObjectProperties>
				<TextureVariation>0</TextureVariation>
			</ObjectProperties>
			<OpacityLevel>255</OpacityLevel>
			<LodDistance>16960</LodDistance>
			<IsVisible>true</IsVisible>
			<MaxHealth>1000</MaxHealth>
			<Health>1000</Health>
			<HasGravity>true</HasGravity>
			<IsOnFire>false</IsOnFire>
			<IsInvincible>true</IsInvincible>
			<IsBulletProof>false</IsBulletProof>
			<IsCollisionProof>true</IsCollisionProof>
			<IsExplosionProof>true</IsExplosionProof>
			<IsFireProof>true</IsFireProof>
			<IsMeleeProof>true</IsMeleeProof>
			<IsOnlyDamagedByPlayer>false</IsOnlyDamagedByPlayer>
			<PositionRotation>
				<X>1479.01904</X>
				<Y>3194.70044</Y>
				<Z>40.6995544</Z>
				<Pitch>-0.105029583</Pitch>
				<Roll>39.6656952</Roll>
				<Yaw>116.489853</Yaw>
			</PositionRotation>
			<Attachment isAttached="true">
				<AttachedTo>91941</AttachedTo>
				<BoneIndex>0</BoneIndex>
				<X>-0.999998927</X>
				<Y>-0.699999869</Y>
				<Z>0.269999981</Z>
				<Pitch>0</Pitch>
				<Roll>40.0000038</Roll>
				<Yaw>4.76837158e-05</Yaw>
			</Attachment>
		</Attachment>
		<Attachment>
			<ModelHash>0x1f036a32</ModelHash>
			<Type>3</Type>
			<Dynamic>false</Dynamic>
			<FrozenPos>true</FrozenPos>
			<HashName>w_am_digiscanner</HashName>
			<InitialHandle>123999</InitialHandle>
			<ObjectProperties>
				<TextureVariation>0</TextureVariation>
			</ObjectProperties>
			<OpacityLevel>255</OpacityLevel>
			<LodDistance>16960</LodDistance>
			<IsVisible>true</IsVisible>
			<MaxHealth>1000</MaxHealth>
			<Health>1000</Health>
			<HasGravity>true</HasGravity>
			<IsOnFire>false</IsOnFire>
			<IsInvincible>true</IsInvincible>
			<IsBulletProof>false</IsBulletProof>
			<IsCollisionProof>true</IsCollisionProof>
			<IsExplosionProof>true</IsExplosionProof>
			<IsFireProof>true</IsFireProof>
			<IsMeleeProof>true</IsMeleeProof>
			<IsOnlyDamagedByPlayer>false</IsOnlyDamagedByPlayer>
			<PositionRotation>
				<X>1476.42346</X>
				<Y>3193.29517</Y>
				<Z>40.6935654</Z>
				<Pitch>-0.105028726</Pitch>
				<Roll>39.6656952</Roll>
				<Yaw>116.489822</Yaw>
			</PositionRotation>
			<Attachment isAttached="true">
				<AttachedTo>91941</AttachedTo>
				<BoneIndex>0</BoneIndex>
				<X>-1.09999871</X>
				<Y>2.25000024</Y>
				<Z>0.269999981</Z>
				<Pitch>0</Pitch>
				<Roll>40.0000038</Roll>
				<Yaw>2.86102295e-05</Yaw>
			</Attachment>
		</Attachment>
		<Attachment>
			<ModelHash>0x1f036a32</ModelHash>
			<Type>3</Type>
			<Dynamic>false</Dynamic>
			<FrozenPos>true</FrozenPos>
			<HashName>w_am_digiscanner</HashName>
			<InitialHandle>133991</InitialHandle>
			<ObjectProperties>
				<TextureVariation>0</TextureVariation>
			</ObjectProperties>
			<OpacityLevel>255</OpacityLevel>
			<LodDistance>16960</LodDistance>
			<IsVisible>true</IsVisible>
			<MaxHealth>1000</MaxHealth>
			<Health>1000</Health>
			<HasGravity>true</HasGravity>
			<IsOnFire>false</IsOnFire>
			<IsInvincible>true</IsInvincible>
			<IsBulletProof>false</IsBulletProof>
			<IsCollisionProof>true</IsCollisionProof>
			<IsExplosionProof>true</IsExplosionProof>
			<IsFireProof>true</IsFireProof>
			<IsMeleeProof>true</IsMeleeProof>
			<IsOnlyDamagedByPlayer>false</IsOnlyDamagedByPlayer>
			<PositionRotation>
				<X>1476.60242</X>
				<Y>3193.38452</Y>
				<Z>40.6939316</Z>
				<Pitch>-0.105028726</Pitch>
				<Roll>39.6656952</Roll>
				<Yaw>116.489822</Yaw>
			</PositionRotation>
			<Attachment isAttached="true">
				<AttachedTo>91941</AttachedTo>
				<BoneIndex>0</BoneIndex>
				<X>-1.09999871</X>
				<Y>2.05000043</Y>
				<Z>0.269999981</Z>
				<Pitch>0</Pitch>
				<Roll>40.0000038</Roll>
				<Yaw>2.86102295e-05</Yaw>
			</Attachment>
		</Attachment>
		<Attachment>
			<ModelHash>0xdf97f49c</ModelHash>
			<Type>3</Type>
			<Dynamic>false</Dynamic>
			<FrozenPos>true</FrozenPos>
			<HashName>hei_prop_server_piece_lights</HashName>
			<InitialHandle>30245</InitialHandle>
			<ObjectProperties>
				<TextureVariation>0</TextureVariation>
			</ObjectProperties>
			<OpacityLevel>255</OpacityLevel>
			<LodDistance>16960</LodDistance>
			<IsVisible>true</IsVisible>
			<MaxHealth>1000</MaxHealth>
			<Health>1000</Health>
			<HasGravity>true</HasGravity>
			<IsOnFire>false</IsOnFire>
			<IsInvincible>true</IsInvincible>
			<IsBulletProof>false</IsBulletProof>
			<IsCollisionProof>true</IsCollisionProof>
			<IsExplosionProof>true</IsExplosionProof>
			<IsFireProof>true</IsFireProof>
			<IsMeleeProof>true</IsMeleeProof>
			<IsOnlyDamagedByPlayer>false</IsOnlyDamagedByPlayer>
			<PositionRotation>
				<X>1476.87695</X>
				<Y>3194.24365</Y>
				<Z>41.2988663</Z>
				<Pitch>-0.105028026</Pitch>
				<Roll>-0.334303766</Roll>
				<Yaw>116.489799</Yaw>
			</PositionRotation>
			<Attachment isAttached="true">
				<AttachedTo>91941</AttachedTo>
				<BoneIndex>0</BoneIndex>
				<X>-0.449999362</X>
				<Y>1.41999757</Y>
				<Z>0.870000064</Z>
				<Pitch>0</Pitch>
				<Roll>0</Roll>
				<Yaw>-5.78165054e-06</Yaw>
			</Attachment>
		</Attachment>
		<Attachment>
			<ModelHash>0x431fe24e</ModelHash>
			<Type>3</Type>
			<Dynamic>false</Dynamic>
			<FrozenPos>true</FrozenPos>
			<HashName>prop_speaker_06</HashName>
			<InitialHandle>54070</InitialHandle>
			<ObjectProperties>
				<TextureVariation>0</TextureVariation>
			</ObjectProperties>
			<OpacityLevel>255</OpacityLevel>
			<LodDistance>16960</LodDistance>
			<IsVisible>true</IsVisible>
			<MaxHealth>1000</MaxHealth>
			<Health>1000</Health>
			<HasGravity>true</HasGravity>
			<IsOnFire>false</IsOnFire>
			<IsInvincible>false</IsInvincible>
			<IsBulletProof>false</IsBulletProof>
			<IsCollisionProof>false</IsCollisionProof>
			<IsExplosionProof>false</IsExplosionProof>
			<IsFireProof>false</IsFireProof>
			<IsMeleeProof>false</IsMeleeProof>
			<IsOnlyDamagedByPlayer>false</IsOnlyDamagedByPlayer>
			<PositionRotation>
				<X>1478.49744</X>
				<Y>3195.31836</Y>
				<Z>41.4438019</Z>
				<Pitch>0.105023049</Pitch>
				<Roll>-179.66568</Roll>
				<Yaw>-63.5101891</Yaw>
			</PositionRotation>
			<Attachment isAttached="true">
				<AttachedTo>91941</AttachedTo>
				<BoneIndex>0</BoneIndex>
				<X>-0.210000098</X>
				<Y>-0.509999931</Y>
				<Z>1.01000047</Z>
				<Pitch>180</Pitch>
				<Roll>0</Roll>
				<Yaw>0</Yaw>
			</Attachment>
		</Attachment>
		<Attachment>
			<ModelHash>0x1cd07ff4</ModelHash>
			<Type>3</Type>
			<Dynamic>false</Dynamic>
			<FrozenPos>true</FrozenPos>
			<HashName>p_police_radio_hset_s</HashName>
			<InitialHandle>160367</InitialHandle>
			<ObjectProperties>
				<TextureVariation>0</TextureVariation>
			</ObjectProperties>
			<OpacityLevel>255</OpacityLevel>
			<LodDistance>16960</LodDistance>
			<IsVisible>true</IsVisible>
			<MaxHealth>1000</MaxHealth>
			<Health>1000</Health>
			<HasGravity>true</HasGravity>
			<IsOnFire>false</IsOnFire>
			<IsInvincible>false</IsInvincible>
			<IsBulletProof>false</IsBulletProof>
			<IsCollisionProof>false</IsCollisionProof>
			<IsExplosionProof>false</IsExplosionProof>
			<IsFireProof>false</IsFireProof>
			<IsMeleeProof>false</IsMeleeProof>
			<IsOnlyDamagedByPlayer>false</IsOnlyDamagedByPlayer>
			<PositionRotation>
				<X>1478.96436</X>
				<Y>3194.83008</Y>
				<Z>41.3104019</Z>
				<Pitch>15.8946915</Pitch>
				<Roll>-176.34761</Roll>
				<Yaw>116.585602</Yaw>
			</PositionRotation>
			<Attachment isAttached="true">
				<AttachedTo>91941</AttachedTo>
				<BoneIndex>0</BoneIndex>
				<X>-0.856000066</X>
				<Y>-0.709999621</Y>
				<Z>0.880000353</Z>
				<Pitch>15.9999962</Pitch>
				<Roll>183.999985</Roll>
				<Yaw>0</Yaw>
			</Attachment>
		</Attachment>
		<Attachment>
			<ModelHash>0x4aefef1d</ModelHash>
			<Type>3</Type>
			<Dynamic>false</Dynamic>
			<FrozenPos>true</FrozenPos>
			<HashName>v_res_fa_radioalrm</HashName>
			<InitialHandle>77603</InitialHandle>
			<ObjectProperties>
				<TextureVariation>0</TextureVariation>
			</ObjectProperties>
			<OpacityLevel>255</OpacityLevel>
			<LodDistance>16960</LodDistance>
			<IsVisible>true</IsVisible>
			<MaxHealth>1000</MaxHealth>
			<Health>1000</Health>
			<HasGravity>true</HasGravity>
			<IsOnFire>false</IsOnFire>
			<IsInvincible>false</IsInvincible>
			<IsBulletProof>false</IsBulletProof>
			<IsCollisionProof>false</IsCollisionProof>
			<IsExplosionProof>false</IsExplosionProof>
			<IsFireProof>false</IsFireProof>
			<IsMeleeProof>false</IsMeleeProof>
			<IsOnlyDamagedByPlayer>false</IsOnlyDamagedByPlayer>
			<PositionRotation>
				<X>1476.82813</X>
				<Y>3194.61084</Y>
				<Z>41.2311325</Z>
				<Pitch>-0.105028063</Pitch>
				<Roll>-0.334303766</Roll>
				<Yaw>116.489799</Yaw>
			</PositionRotation>
			<Attachment isAttached="true">
				<AttachedTo>91941</AttachedTo>
				<BoneIndex>0</BoneIndex>
				<X>-0.099999994</X>
				<Y>1.30000007</Y>
				<Z>0.799999952</Z>
				<Pitch>0</Pitch>
				<Roll>0</Roll>
				<Yaw>0</Yaw>
			</Attachment>
		</Attachment>
		<Attachment>
			<ModelHash>0x47031c9d</ModelHash>
			<Type>3</Type>
			<Dynamic>false</Dynamic>
			<FrozenPos>true</FrozenPos>
			<HashName>prop_plate_warmer</HashName>
			<InitialHandle>116275</InitialHandle>
			<ObjectProperties>
				<TextureVariation>0</TextureVariation>
			</ObjectProperties>
			<OpacityLevel>255</OpacityLevel>
			<LodDistance>16960</LodDistance>
			<IsVisible>true</IsVisible>
			<MaxHealth>1000</MaxHealth>
			<Health>1000</Health>
			<HasGravity>true</HasGravity>
			<IsOnFire>false</IsOnFire>
			<IsInvincible>false</IsInvincible>
			<IsBulletProof>false</IsBulletProof>
			<IsCollisionProof>false</IsCollisionProof>
			<IsExplosionProof>false</IsExplosionProof>
			<IsFireProof>false</IsFireProof>
			<IsMeleeProof>false</IsMeleeProof>
			<IsOnlyDamagedByPlayer>false</IsOnlyDamagedByPlayer>
			<PositionRotation>
				<X>1478.44409</X>
				<Y>3195.42432</Y>
				<Z>41.6744995</Z>
				<Pitch>0.105027683</Pitch>
				<Roll>90.3343277</Roll>
				<Yaw>-63.5102158</Yaw>
			</PositionRotation>
			<Attachment isAttached="true">
				<AttachedTo>91941</AttachedTo>
				<BoneIndex>0</BoneIndex>
				<X>-0.0899999887</X>
				<Y>-0.509999812</Y>
				<Z>1.24000049</Z>
				<Pitch>0</Pitch>
				<Roll>-269.999969</Roll>
				<Yaw>179.999985</Yaw>
			</Attachment>
		</Attachment>
		<Attachment>
			<ModelHash>0x47031c9d</ModelHash>
			<Type>3</Type>
			<Dynamic>false</Dynamic>
			<FrozenPos>true</FrozenPos>
			<HashName>prop_plate_warmer</HashName>
			<InitialHandle>117017</InitialHandle>
			<ObjectProperties>
				<TextureVariation>0</TextureVariation>
			</ObjectProperties>
			<OpacityLevel>255</OpacityLevel>
			<LodDistance>16960</LodDistance>
			<IsVisible>true</IsVisible>
			<MaxHealth>1000</MaxHealth>
			<Health>1000</Health>
			<HasGravity>true</HasGravity>
			<IsOnFire>false</IsOnFire>
			<IsInvincible>false</IsInvincible>
			<IsBulletProof>false</IsBulletProof>
			<IsCollisionProof>false</IsCollisionProof>
			<IsExplosionProof>false</IsExplosionProof>
			<IsFireProof>false</IsFireProof>
			<IsMeleeProof>false</IsMeleeProof>
			<IsOnlyDamagedByPlayer>false</IsOnlyDamagedByPlayer>
			<PositionRotation>
				<X>1478.51099</X>
				<Y>3195.29004</Y>
				<Z>41.6736259</Z>
				<Pitch>-0.10502781</Pitch>
				<Roll>89.6657181</Roll>
				<Yaw>116.489799</Yaw>
			</PositionRotation>
			<Attachment isAttached="true">
				<AttachedTo>91941</AttachedTo>
				<BoneIndex>0</BoneIndex>
				<X>-0.240000024</X>
				<Y>-0.509999812</Y>
				<Z>1.24000049</Z>
				<Pitch>0</Pitch>
				<Roll>-269.999969</Roll>
				<Yaw>0</Yaw>
			</Attachment>
		</Attachment>
		<Attachment>
			<ModelHash>0x431fe24e</ModelHash>
			<Type>3</Type>
			<Dynamic>false</Dynamic>
			<FrozenPos>true</FrozenPos>
			<HashName>prop_speaker_06</HashName>
			<InitialHandle>61740</InitialHandle>
			<ObjectProperties>
				<TextureVariation>0</TextureVariation>
			</ObjectProperties>
			<OpacityLevel>255</OpacityLevel>
			<LodDistance>16960</LodDistance>
			<IsVisible>true</IsVisible>
			<MaxHealth>1000</MaxHealth>
			<Health>1000</Health>
			<HasGravity>true</HasGravity>
			<IsOnFire>false</IsOnFire>
			<IsInvincible>false</IsInvincible>
			<IsBulletProof>false</IsBulletProof>
			<IsCollisionProof>false</IsCollisionProof>
			<IsExplosionProof>false</IsExplosionProof>
			<IsFireProof>false</IsFireProof>
			<IsMeleeProof>false</IsMeleeProof>
			<IsOnlyDamagedByPlayer>false</IsOnlyDamagedByPlayer>
			<PositionRotation>
				<X>1478.45728</X>
				<Y>3195.39893</Y>
				<Z>41.4443283</Z>
				<Pitch>0.105023049</Pitch>
				<Roll>-179.66568</Roll>
				<Yaw>-63.5101891</Yaw>
			</PositionRotation>
			<Attachment isAttached="true">
				<AttachedTo>91941</AttachedTo>
				<BoneIndex>0</BoneIndex>
				<X>-0.120000057</X>
				<Y>-0.509999931</Y>
				<Z>1.01000047</Z>
				<Pitch>180</Pitch>
				<Roll>0</Roll>
				<Yaw>0</Yaw>
			</Attachment>
		</Attachment>
		<Attachment>
			<ModelHash>0x3d66cd4d</ModelHash>
			<Type>3</Type>
			<Dynamic>false</Dynamic>
			<FrozenPos>true</FrozenPos>
			<HashName>hei_prop_mini_sever_01</HashName>
			<InitialHandle>149035</InitialHandle>
			<ObjectProperties>
				<TextureVariation>0</TextureVariation>
			</ObjectProperties>
			<OpacityLevel>255</OpacityLevel>
			<LodDistance>16960</LodDistance>
			<IsVisible>true</IsVisible>
			<MaxHealth>1000</MaxHealth>
			<Health>1000</Health>
			<HasGravity>true</HasGravity>
			<IsOnFire>false</IsOnFire>
			<IsInvincible>false</IsInvincible>
			<IsBulletProof>false</IsBulletProof>
			<IsCollisionProof>false</IsCollisionProof>
			<IsExplosionProof>false</IsExplosionProof>
			<IsFireProof>false</IsFireProof>
			<IsMeleeProof>false</IsMeleeProof>
			<IsOnlyDamagedByPlayer>false</IsOnlyDamagedByPlayer>
			<PositionRotation>
				<X>1478.59985</X>
				<Y>3195.1355</Y>
				<Z>41.342598</Z>
				<Pitch>-75.1013718</Pitch>
				<Roll>178.699615</Roll>
				<Yaw>115.233765</Yaw>
			</PositionRotation>
			<Attachment isAttached="true">
				<AttachedTo>91941</AttachedTo>
				<BoneIndex>0</BoneIndex>
				<X>-0.419999957</X>
				<Y>-0.519999862</Y>
				<Z>0.91000104</Z>
				<Pitch>-74.9999924</Pitch>
				<Roll>179.999985</Roll>
				<Yaw>0</Yaw>
			</Attachment>
		</Attachment>
		<Attachment>
			<ModelHash>0x669e12f6</ModelHash>
			<Type>3</Type>
			<Dynamic>false</Dynamic>
			<FrozenPos>true</FrozenPos>
			<HashName>prop_lift_overlay_01</HashName>
			<InitialHandle>68378</InitialHandle>
			<ObjectProperties>
				<TextureVariation>0</TextureVariation>
			</ObjectProperties>
			<OpacityLevel>255</OpacityLevel>
			<LodDistance>16960</LodDistance>
			<IsVisible>true</IsVisible>
			<MaxHealth>1000</MaxHealth>
			<Health>1000</Health>
			<HasGravity>true</HasGravity>
			<IsOnFire>false</IsOnFire>
			<IsInvincible>false</IsInvincible>
			<IsBulletProof>false</IsBulletProof>
			<IsCollisionProof>false</IsCollisionProof>
			<IsExplosionProof>false</IsExplosionProof>
			<IsFireProof>false</IsFireProof>
			<IsMeleeProof>false</IsMeleeProof>
			<IsOnlyDamagedByPlayer>false</IsOnlyDamagedByPlayer>
			<PositionRotation>
				<X>1476.86621</X>
				<Y>3194.69849</Y>
				<Z>41.1196251</Z>
				<Pitch>-10.1048546</Pitch>
				<Roll>-0.339570671</Roll>
				<Yaw>116.430824</Yaw>
			</PositionRotation>
			<Attachment isAttached="true">
				<AttachedTo>91941</AttachedTo>
				<BoneIndex>0</BoneIndex>
				<X>-0.0389998704</X>
				<Y>1.22700095</Y>
				<Z>0.688000441</Z>
				<Pitch>-9.99999905</Pitch>
				<Roll>0</Roll>
				<Yaw>0</Yaw>
			</Attachment>
		</Attachment>
		<Attachment>
			<ModelHash>0x7815b5e5</ModelHash>
			<Type>3</Type>
			<Dynamic>false</Dynamic>
			<FrozenPos>true</FrozenPos>
			<HashName>prop_lift_overlay_02</HashName>
			<InitialHandle>17462</InitialHandle>
			<ObjectProperties>
				<TextureVariation>0</TextureVariation>
			</ObjectProperties>
			<OpacityLevel>255</OpacityLevel>
			<LodDistance>16960</LodDistance>
			<IsVisible>true</IsVisible>
			<MaxHealth>1000</MaxHealth>
			<Health>1000</Health>
			<HasGravity>true</HasGravity>
			<IsOnFire>false</IsOnFire>
			<IsInvincible>false</IsInvincible>
			<IsBulletProof>false</IsBulletProof>
			<IsCollisionProof>false</IsCollisionProof>
			<IsExplosionProof>false</IsExplosionProof>
			<IsFireProof>false</IsFireProof>
			<IsMeleeProof>false</IsMeleeProof>
			<IsOnlyDamagedByPlayer>false</IsOnlyDamagedByPlayer>
			<PositionRotation>
				<X>1476.95813</X>
				<Y>3194.59912</Y>
				<Z>41.1269341</Z>
				<Pitch>-10.1048546</Pitch>
				<Roll>-0.339570671</Roll>
				<Yaw>116.430824</Yaw>
			</PositionRotation>
			<Attachment isAttached="true">
				<AttachedTo>91941</AttachedTo>
				<BoneIndex>0</BoneIndex>
				<X>-0.169000179</X>
				<Y>1.18900013</Y>
				<Z>0.696000218</Z>
				<Pitch>-9.99999905</Pitch>
				<Roll>0</Roll>
				<Yaw>0</Yaw>
			</Attachment>
		</Attachment>
		<Attachment>
			<ModelHash>0x3d66cd4d</ModelHash>
			<Type>3</Type>
			<Dynamic>false</Dynamic>
			<FrozenPos>true</FrozenPos>
			<HashName>hei_prop_mini_sever_01</HashName>
			<InitialHandle>19504</InitialHandle>
			<ObjectProperties>
				<TextureVariation>0</TextureVariation>
			</ObjectProperties>
			<OpacityLevel>255</OpacityLevel>
			<LodDistance>16960</LodDistance>
			<IsVisible>true</IsVisible>
			<MaxHealth>1000</MaxHealth>
			<Health>1000</Health>
			<HasGravity>true</HasGravity>
			<IsOnFire>false</IsOnFire>
			<IsInvincible>false</IsInvincible>
			<IsBulletProof>false</IsBulletProof>
			<IsCollisionProof>false</IsCollisionProof>
			<IsExplosionProof>false</IsExplosionProof>
			<IsFireProof>false</IsFireProof>
			<IsMeleeProof>false</IsMeleeProof>
			<IsOnlyDamagedByPlayer>false</IsOnlyDamagedByPlayer>
			<PositionRotation>
				<X>1478.37683</X>
				<Y>3195.58301</Y>
				<Z>41.3455162</Z>
				<Pitch>-75.1013718</Pitch>
				<Roll>178.699646</Roll>
				<Yaw>115.233757</Yaw>
			</PositionRotation>
			<Attachment isAttached="true">
				<AttachedTo>91941</AttachedTo>
				<BoneIndex>0</BoneIndex>
				<X>0.0799999163</X>
				<Y>-0.519999862</Y>
				<Z>0.91000104</Z>
				<Pitch>-104.999992</Pitch>
				<Roll>0</Roll>
				<Yaw>179.999985</Yaw>
			</Attachment>
		</Attachment>
		<Attachment>
			<ModelHash>0x34afd1b9</ModelHash>
			<Type>3</Type>
			<Dynamic>false</Dynamic>
			<FrozenPos>true</FrozenPos>
			<HashName>cable1_root</HashName>
			<InitialHandle>115240</InitialHandle>
			<ObjectProperties>
				<TextureVariation>0</TextureVariation>
			</ObjectProperties>
			<OpacityLevel>255</OpacityLevel>
			<LodDistance>16960</LodDistance>
			<IsVisible>true</IsVisible>
			<MaxHealth>1000</MaxHealth>
			<Health>1000</Health>
			<HasGravity>true</HasGravity>
			<IsOnFire>false</IsOnFire>
			<IsInvincible>false</IsInvincible>
			<IsBulletProof>false</IsBulletProof>
			<IsCollisionProof>false</IsCollisionProof>
			<IsExplosionProof>false</IsExplosionProof>
			<IsFireProof>false</IsFireProof>
			<IsMeleeProof>false</IsMeleeProof>
			<IsOnlyDamagedByPlayer>false</IsOnlyDamagedByPlayer>
			<PositionRotation>
				<X>1477.2804</X>
				<Y>3195.49927</Y>
				<Z>40.6360512</Z>
				<Pitch>-0.105027795</Pitch>
				<Roll>90.6656876</Roll>
				<Yaw>116.489799</Yaw>
			</PositionRotation>
			<Attachment isAttached="true">
				<AttachedTo>91941</AttachedTo>
				<BoneIndex>0</BoneIndex>
				<X>0.490000606</X>
				<Y>0.500000179</Y>
				<Z>0.200000018</Z>
				<Pitch>0</Pitch>
				<Roll>91.0000076</Roll>
				<Yaw>0</Yaw>
			</Attachment>
		</Attachment>
		<Attachment>
			<ModelHash>0xcaf258a2</ModelHash>
			<Type>3</Type>
			<Dynamic>false</Dynamic>
			<FrozenPos>true</FrozenPos>
			<HashName>p_ecg_01_cable_01_s</HashName>
			<InitialHandle>105260</InitialHandle>
			<ObjectProperties>
				<TextureVariation>0</TextureVariation>
			</ObjectProperties>
			<OpacityLevel>255</OpacityLevel>
			<LodDistance>16960</LodDistance>
			<IsVisible>true</IsVisible>
			<MaxHealth>1000</MaxHealth>
			<Health>1000</Health>
			<HasGravity>true</HasGravity>
			<IsOnFire>false</IsOnFire>
			<IsInvincible>false</IsInvincible>
			<IsBulletProof>false</IsBulletProof>
			<IsCollisionProof>false</IsCollisionProof>
			<IsExplosionProof>false</IsExplosionProof>
			<IsFireProof>false</IsFireProof>
			<IsMeleeProof>false</IsMeleeProof>
			<IsOnlyDamagedByPlayer>false</IsOnlyDamagedByPlayer>
			<PositionRotation>
				<X>1476.53796</X>
				<Y>3195.23901</Y>
				<Z>40.9152031</Z>
				<Pitch>77.6647186</Pitch>
				<Roll>0.483466655</Roll>
				<Yaw>-154.282486</Yaw>
			</PositionRotation>
			<Attachment isAttached="true">
				<AttachedTo>91941</AttachedTo>
				<BoneIndex>0</BoneIndex>
				<X>0.590000153</X>
				<Y>1.28000093</Y>
				<Z>0.480001569</Z>
				<Pitch>78</Pitch>
				<Roll>0</Roll>
				<Yaw>89.6999969</Yaw>
			</Attachment>
		</Attachment>
		<Attachment>
			<ModelHash>0x34afd1b9</ModelHash>
			<Type>3</Type>
			<Dynamic>false</Dynamic>
			<FrozenPos>true</FrozenPos>
			<HashName>cable1_root</HashName>
			<InitialHandle>154164</InitialHandle>
			<ObjectProperties>
				<TextureVariation>0</TextureVariation>
			</ObjectProperties>
			<OpacityLevel>255</OpacityLevel>
			<LodDistance>16960</LodDistance>
			<IsVisible>true</IsVisible>
			<MaxHealth>1000</MaxHealth>
			<Health>1000</Health>
			<HasGravity>true</HasGravity>
			<IsOnFire>false</IsOnFire>
			<IsInvincible>false</IsInvincible>
			<IsBulletProof>false</IsBulletProof>
			<IsCollisionProof>false</IsCollisionProof>
			<IsExplosionProof>false</IsExplosionProof>
			<IsFireProof>false</IsFireProof>
			<IsMeleeProof>false</IsMeleeProof>
			<IsOnlyDamagedByPlayer>false</IsOnlyDamagedByPlayer>
			<PositionRotation>
				<X>1477.99854</X>
				<Y>3194.03589</Y>
				<Z>40.6265221</Z>
				<Pitch>-0.106194101</Pitch>
				<Roll>90.6660538</Roll>
				<Yaw>116.689804</Yaw>
			</PositionRotation>
			<Attachment isAttached="true">
				<AttachedTo>91941</AttachedTo>
				<BoneIndex>0</BoneIndex>
				<X>-1.13999975</X>
				<Y>0.510000169</Y>
				<Z>0.200000018</Z>
				<Pitch>0</Pitch>
				<Roll>91.0000076</Roll>
				<Yaw>0.200000256</Yaw>
			</Attachment>
		</Attachment>
		<Attachment>
			<ModelHash>0xcaf258a2</ModelHash>
			<Type>3</Type>
			<Dynamic>false</Dynamic>
			<FrozenPos>true</FrozenPos>
			<HashName>p_ecg_01_cable_01_s</HashName>
			<InitialHandle>24113</InitialHandle>
			<ObjectProperties>
				<TextureVariation>0</TextureVariation>
			</ObjectProperties>
			<OpacityLevel>255</OpacityLevel>
			<LodDistance>16960</LodDistance>
			<IsVisible>true</IsVisible>
			<MaxHealth>1000</MaxHealth>
			<Health>1000</Health>
			<HasGravity>true</HasGravity>
			<IsOnFire>false</IsOnFire>
			<IsInvincible>false</IsInvincible>
			<IsBulletProof>false</IsBulletProof>
			<IsCollisionProof>false</IsCollisionProof>
			<IsExplosionProof>false</IsExplosionProof>
			<IsFireProof>false</IsFireProof>
			<IsMeleeProof>false</IsMeleeProof>
			<IsOnlyDamagedByPlayer>false</IsOnlyDamagedByPlayer>
			<PositionRotation>
				<X>1477.21143</X>
				<Y>3193.84302</Y>
				<Z>40.9061203</Z>
				<Pitch>-89.6505737</Pitch>
				<Roll>163.559418</Roll>
				<Yaw>9.04954624</Yaw>
			</PositionRotation>
			<Attachment isAttached="true">
				<AttachedTo>91941</AttachedTo>
				<BoneIndex>0</BoneIndex>
				<X>-0.960000157</X>
				<Y>1.30000091</Y>
				<Z>0.480001569</Z>
				<Pitch>-90.0000076</Pitch>
				<Roll>0</Roll>
				<Yaw>89.0000076</Yaw>
			</Attachment>
		</Attachment>
		<Attachment>
			<ModelHash>0x8538a366</ModelHash>
			<Type>3</Type>
			<Dynamic>false</Dynamic>
			<FrozenPos>true</FrozenPos>
			<HashName>prop_power_cell</HashName>
			<InitialHandle>3897</InitialHandle>
			<ObjectProperties>
				<TextureVariation>0</TextureVariation>
			</ObjectProperties>
			<OpacityLevel>255</OpacityLevel>
			<LodDistance>16960</LodDistance>
			<IsVisible>true</IsVisible>
			<MaxHealth>1000</MaxHealth>
			<Health>1000</Health>
			<HasGravity>true</HasGravity>
			<IsOnFire>false</IsOnFire>
			<IsInvincible>true</IsInvincible>
			<IsBulletProof>false</IsBulletProof>
			<IsCollisionProof>true</IsCollisionProof>
			<IsExplosionProof>true</IsExplosionProof>
			<IsFireProof>true</IsFireProof>
			<IsMeleeProof>true</IsMeleeProof>
			<IsOnlyDamagedByPlayer>false</IsOnlyDamagedByPlayer>
			<PositionRotation>
				<X>1478.46631</X>
				<Y>3195.35767</Y>
				<Z>41.6040726</Z>
				<Pitch>-0.105028056</Pitch>
				<Roll>-0.334309489</Roll>
				<Yaw>116.489799</Yaw>
			</PositionRotation>
			<Attachment isAttached="true">
				<AttachedTo>91941</AttachedTo>
				<BoneIndex>0</BoneIndex>
				<X>-0.159999996</X>
				<Y>-0.500000834</Y>
				<Z>1.16999984</Z>
				<Pitch>0</Pitch>
				<Roll>-5.7220459e-06</Roll>
				<Yaw>0</Yaw>
			</Attachment>
		</Attachment>
		<Attachment>
			<ModelHash>0x8538a366</ModelHash>
			<Type>3</Type>
			<Dynamic>false</Dynamic>
			<FrozenPos>true</FrozenPos>
			<HashName>prop_power_cell</HashName>
			<InitialHandle>68912</InitialHandle>
			<ObjectProperties>
				<TextureVariation>0</TextureVariation>
			</ObjectProperties>
			<OpacityLevel>255</OpacityLevel>
			<LodDistance>16960</LodDistance>
			<IsVisible>true</IsVisible>
			<MaxHealth>1000</MaxHealth>
			<Health>1000</Health>
			<HasGravity>true</HasGravity>
			<IsOnFire>false</IsOnFire>
			<IsInvincible>true</IsInvincible>
			<IsBulletProof>false</IsBulletProof>
			<IsCollisionProof>true</IsCollisionProof>
			<IsExplosionProof>true</IsExplosionProof>
			<IsFireProof>true</IsFireProof>
			<IsMeleeProof>true</IsMeleeProof>
			<IsOnlyDamagedByPlayer>false</IsOnlyDamagedByPlayer>
			<PositionRotation>
				<X>1478.41394</X>
				<Y>3194.52441</Y>
				<Z>40.8210754</Z>
				<Pitch>-0.105050512</Pitch>
				<Roll>179.66568</Roll>
				<Yaw>116.489822</Yaw>
			</PositionRotation>
			<Attachment isAttached="true">
				<AttachedTo>91941</AttachedTo>
				<BoneIndex>0</BoneIndex>
				<X>-0.886999667</X>
				<Y>-0.0799999312</Y>
				<Z>0.392000675</Z>
				<Pitch>-179.999985</Pitch>
				<Roll>-5.7220459e-06</Roll>
				<Yaw>-179.999985</Yaw>
			</Attachment>
		</Attachment>
		<Attachment>
			<ModelHash>0x8538a366</ModelHash>
			<Type>3</Type>
			<Dynamic>false</Dynamic>
			<FrozenPos>true</FrozenPos>
			<HashName>prop_power_cell</HashName>
			<InitialHandle>165170</InitialHandle>
			<ObjectProperties>
				<TextureVariation>0</TextureVariation>
			</ObjectProperties>
			<OpacityLevel>255</OpacityLevel>
			<LodDistance>16960</LodDistance>
			<IsVisible>true</IsVisible>
			<MaxHealth>1000</MaxHealth>
			<Health>1000</Health>
			<HasGravity>true</HasGravity>
			<IsOnFire>false</IsOnFire>
			<IsInvincible>true</IsInvincible>
			<IsBulletProof>false</IsBulletProof>
			<IsCollisionProof>true</IsCollisionProof>
			<IsExplosionProof>true</IsExplosionProof>
			<IsFireProof>true</IsFireProof>
			<IsMeleeProof>true</IsMeleeProof>
			<IsOnlyDamagedByPlayer>false</IsOnlyDamagedByPlayer>
			<PositionRotation>
				<X>1478.12708</X>
				<Y>3194.38257</Y>
				<Z>40.8214951</Z>
				<Pitch>-0.0992000699</Pitch>
				<Roll>179.663895</Roll>
				<Yaw>115.48983</Yaw>
			</PositionRotation>
			<Attachment isAttached="true">
				<AttachedTo>91941</AttachedTo>
				<BoneIndex>0</BoneIndex>
				<X>-0.88599968</X>
				<Y>0.240000084</Y>
				<Z>0.393000662</Z>
				<Pitch>-179.999985</Pitch>
				<Roll>-5.7220459e-06</Roll>
				<Yaw>179.000015</Yaw>
			</Attachment>
		</Attachment>
		<Attachment>
			<ModelHash>0x8538a366</ModelHash>
			<Type>3</Type>
			<Dynamic>false</Dynamic>
			<FrozenPos>true</FrozenPos>
			<HashName>prop_power_cell</HashName>
			<InitialHandle>17971</InitialHandle>
			<ObjectProperties>
				<TextureVariation>0</TextureVariation>
			</ObjectProperties>
			<OpacityLevel>255</OpacityLevel>
			<LodDistance>16960</LodDistance>
			<IsVisible>true</IsVisible>
			<MaxHealth>1000</MaxHealth>
			<Health>1000</Health>
			<HasGravity>true</HasGravity>
			<IsOnFire>false</IsOnFire>
			<IsInvincible>true</IsInvincible>
			<IsBulletProof>false</IsBulletProof>
			<IsCollisionProof>true</IsCollisionProof>
			<IsExplosionProof>true</IsExplosionProof>
			<IsFireProof>true</IsFireProof>
			<IsMeleeProof>true</IsMeleeProof>
			<IsOnlyDamagedByPlayer>false</IsOnlyDamagedByPlayer>
			<PositionRotation>
				<X>1477.83936</X>
				<Y>3194.24243</Y>
				<Z>40.8199272</Z>
				<Pitch>-0.0992000699</Pitch>
				<Roll>179.663895</Roll>
				<Yaw>115.48983</Yaw>
			</PositionRotation>
			<Attachment isAttached="true">
				<AttachedTo>91941</AttachedTo>
				<BoneIndex>0</BoneIndex>
				<X>-0.882999718</X>
				<Y>0.559999824</Y>
				<Z>0.392000675</Z>
				<Pitch>-179.999985</Pitch>
				<Roll>-5.7220459e-06</Roll>
				<Yaw>179.000015</Yaw>
			</Attachment>
		</Attachment>
		<Attachment>
			<ModelHash>0x8538a366</ModelHash>
			<Type>3</Type>
			<Dynamic>false</Dynamic>
			<FrozenPos>true</FrozenPos>
			<HashName>prop_power_cell</HashName>
			<InitialHandle>120105</InitialHandle>
			<ObjectProperties>
				<TextureVariation>0</TextureVariation>
			</ObjectProperties>
			<OpacityLevel>255</OpacityLevel>
			<LodDistance>16960</LodDistance>
			<IsVisible>true</IsVisible>
			<MaxHealth>1000</MaxHealth>
			<Health>1000</Health>
			<HasGravity>true</HasGravity>
			<IsOnFire>false</IsOnFire>
			<IsInvincible>true</IsInvincible>
			<IsBulletProof>false</IsBulletProof>
			<IsCollisionProof>true</IsCollisionProof>
			<IsExplosionProof>true</IsExplosionProof>
			<IsFireProof>true</IsFireProof>
			<IsMeleeProof>true</IsMeleeProof>
			<IsOnlyDamagedByPlayer>false</IsOnlyDamagedByPlayer>
			<PositionRotation>
				<X>1477.55066</X>
				<Y>3194.10425</Y>
				<Z>40.8183708</Z>
				<Pitch>-0.100958169</Pitch>
				<Roll>179.664429</Roll>
				<Yaw>115.789772</Yaw>
			</PositionRotation>
			<Attachment isAttached="true">
				<AttachedTo>91941</AttachedTo>
				<BoneIndex>0</BoneIndex>
				<X>-0.877999783</X>
				<Y>0.879999518</Y>
				<Z>0.391000688</Z>
				<Pitch>-179.999985</Pitch>
				<Roll>-5.7220459e-06</Roll>
				<Yaw>179.299973</Yaw>
			</Attachment>
		</Attachment>
		<Attachment>
			<ModelHash>0x8538a366</ModelHash>
			<Type>3</Type>
			<Dynamic>false</Dynamic>
			<FrozenPos>true</FrozenPos>
			<HashName>prop_power_cell</HashName>
			<InitialHandle>63009</InitialHandle>
			<ObjectProperties>
				<TextureVariation>0</TextureVariation>
			</ObjectProperties>
			<OpacityLevel>255</OpacityLevel>
			<LodDistance>16960</LodDistance>
			<IsVisible>true</IsVisible>
			<MaxHealth>1000</MaxHealth>
			<Health>1000</Health>
			<HasGravity>true</HasGravity>
			<IsOnFire>false</IsOnFire>
			<IsInvincible>true</IsInvincible>
			<IsBulletProof>false</IsBulletProof>
			<IsCollisionProof>true</IsCollisionProof>
			<IsExplosionProof>true</IsExplosionProof>
			<IsFireProof>true</IsFireProof>
			<IsMeleeProof>true</IsMeleeProof>
			<IsOnlyDamagedByPlayer>false</IsOnlyDamagedByPlayer>
			<PositionRotation>
				<X>1477.26074</X>
				<Y>3193.96875</Y>
				<Z>40.8178291</Z>
				<Pitch>-0.0933195204</Pitch>
				<Roll>179.662216</Roll>
				<Yaw>114.489845</Yaw>
			</PositionRotation>
			<Attachment isAttached="true">
				<AttachedTo>91941</AttachedTo>
				<BoneIndex>0</BoneIndex>
				<X>-0.869999647</X>
				<Y>1.19999921</Y>
				<Z>0.391000688</Z>
				<Pitch>-179.999985</Pitch>
				<Roll>-5.7220459e-06</Roll>
				<Yaw>178.000015</Yaw>
			</Attachment>
		</Attachment>
		<Attachment>
			<ModelHash>0x8538a366</ModelHash>
			<Type>3</Type>
			<Dynamic>false</Dynamic>
			<FrozenPos>true</FrozenPos>
			<HashName>prop_power_cell</HashName>
			<InitialHandle>57440</InitialHandle>
			<ObjectProperties>
				<TextureVariation>0</TextureVariation>
			</ObjectProperties>
			<OpacityLevel>255</OpacityLevel>
			<LodDistance>16960</LodDistance>
			<IsVisible>true</IsVisible>
			<MaxHealth>1000</MaxHealth>
			<Health>1000</Health>
			<HasGravity>true</HasGravity>
			<IsOnFire>false</IsOnFire>
			<IsInvincible>true</IsInvincible>
			<IsBulletProof>false</IsBulletProof>
			<IsCollisionProof>true</IsCollisionProof>
			<IsExplosionProof>true</IsExplosionProof>
			<IsFireProof>true</IsFireProof>
			<IsMeleeProof>true</IsMeleeProof>
			<IsOnlyDamagedByPlayer>false</IsOnlyDamagedByPlayer>
			<PositionRotation>
				<X>1476.96985</X>
				<Y>3193.83496</Y>
				<Z>40.8163033</Z>
				<Pitch>-0.0874104649</Pitch>
				<Roll>179.660645</Roll>
				<Yaw>113.489853</Yaw>
			</PositionRotation>
			<Attachment isAttached="true">
				<AttachedTo>91941</AttachedTo>
				<BoneIndex>0</BoneIndex>
				<X>-0.859999657</X>
				<Y>1.51999891</Y>
				<Z>0.390000582</Z>
				<Pitch>-179.999985</Pitch>
				<Roll>-5.7220459e-06</Roll>
				<Yaw>177.000015</Yaw>
			</Attachment>
		</Attachment>
		<Attachment>
			<ModelHash>0x8538a366</ModelHash>
			<Type>3</Type>
			<Dynamic>false</Dynamic>
			<FrozenPos>true</FrozenPos>
			<HashName>prop_power_cell</HashName>
			<InitialHandle>89647</InitialHandle>
			<ObjectProperties>
				<TextureVariation>0</TextureVariation>
			</ObjectProperties>
			<OpacityLevel>255</OpacityLevel>
			<LodDistance>16960</LodDistance>
			<IsVisible>true</IsVisible>
			<MaxHealth>1000</MaxHealth>
			<Health>1000</Health>
			<HasGravity>true</HasGravity>
			<IsOnFire>false</IsOnFire>
			<IsInvincible>true</IsInvincible>
			<IsBulletProof>false</IsBulletProof>
			<IsCollisionProof>true</IsCollisionProof>
			<IsExplosionProof>true</IsExplosionProof>
			<IsFireProof>true</IsFireProof>
			<IsMeleeProof>true</IsMeleeProof>
			<IsOnlyDamagedByPlayer>false</IsOnlyDamagedByPlayer>
			<PositionRotation>
				<X>1476.36194</X>
				<Y>3195.07251</Y>
				<Z>40.8353615</Z>
				<Pitch>-0.112607472</Pitch>
				<Roll>-176.331833</Roll>
				<Yaw>117.789749</Yaw>
			</PositionRotation>
			<Attachment isAttached="true">
				<AttachedTo>91941</AttachedTo>
				<BoneIndex>0</BoneIndex>
				<X>0.519001305</X>
				<Y>1.51199853</Y>
				<Z>0.40100044</Z>
				<Pitch>-179.999985</Pitch>
				<Roll>3.99999475</Roll>
				<Yaw>-178.700027</Yaw>
			</Attachment>
		</Attachment>
		<Attachment>
			<ModelHash>0x8538a366</ModelHash>
			<Type>3</Type>
			<Dynamic>false</Dynamic>
			<FrozenPos>true</FrozenPos>
			<HashName>prop_power_cell</HashName>
			<InitialHandle>24885</InitialHandle>
			<ObjectProperties>
				<TextureVariation>0</TextureVariation>
			</ObjectProperties>
			<OpacityLevel>255</OpacityLevel>
			<LodDistance>16960</LodDistance>
			<IsVisible>true</IsVisible>
			<MaxHealth>1000</MaxHealth>
			<Health>1000</Health>
			<HasGravity>true</HasGravity>
			<IsOnFire>false</IsOnFire>
			<IsInvincible>true</IsInvincible>
			<IsBulletProof>false</IsBulletProof>
			<IsCollisionProof>true</IsCollisionProof>
			<IsExplosionProof>true</IsExplosionProof>
			<IsFireProof>true</IsFireProof>
			<IsMeleeProof>true</IsMeleeProof>
			<IsOnlyDamagedByPlayer>false</IsOnlyDamagedByPlayer>
			<PositionRotation>
				<X>1476.64429</X>
				<Y>3195.22339</Y>
				<Z>40.8310013</Z>
				<Pitch>-0.112607472</Pitch>
				<Roll>-176.331833</Roll>
				<Yaw>117.789749</Yaw>
			</PositionRotation>
			<Attachment isAttached="true">
				<AttachedTo>91941</AttachedTo>
				<BoneIndex>0</BoneIndex>
				<X>0.528001189</X>
				<Y>1.19199753</Y>
				<Z>0.396000504</Z>
				<Pitch>-179.999985</Pitch>
				<Roll>3.99999475</Roll>
				<Yaw>-178.700027</Yaw>
			</Attachment>
		</Attachment>
		<Attachment>
			<ModelHash>0x8538a366</ModelHash>
			<Type>3</Type>
			<Dynamic>false</Dynamic>
			<FrozenPos>true</FrozenPos>
			<HashName>prop_power_cell</HashName>
			<InitialHandle>60473</InitialHandle>
			<ObjectProperties>
				<TextureVariation>0</TextureVariation>
			</ObjectProperties>
			<OpacityLevel>255</OpacityLevel>
			<LodDistance>16960</LodDistance>
			<IsVisible>true</IsVisible>
			<MaxHealth>1000</MaxHealth>
			<Health>1000</Health>
			<HasGravity>true</HasGravity>
			<IsOnFire>false</IsOnFire>
			<IsInvincible>true</IsInvincible>
			<IsBulletProof>false</IsBulletProof>
			<IsCollisionProof>true</IsCollisionProof>
			<IsExplosionProof>true</IsExplosionProof>
			<IsFireProof>true</IsFireProof>
			<IsMeleeProof>true</IsMeleeProof>
			<IsOnlyDamagedByPlayer>false</IsOnlyDamagedByPlayer>
			<PositionRotation>
				<X>1476.92542</X>
				<Y>3195.37231</Y>
				<Z>40.8376312</Z>
				<Pitch>-0.112607472</Pitch>
				<Roll>-176.331833</Roll>
				<Yaw>117.789749</Yaw>
			</PositionRotation>
			<Attachment isAttached="true">
				<AttachedTo>91941</AttachedTo>
				<BoneIndex>0</BoneIndex>
				<X>0.536001205</X>
				<Y>0.874000013</Y>
				<Z>0.402000427</Z>
				<Pitch>-179.999985</Pitch>
				<Roll>3.99999475</Roll>
				<Yaw>-178.700027</Yaw>
			</Attachment>
		</Attachment>
		<Attachment>
			<ModelHash>0x8538a366</ModelHash>
			<Type>3</Type>
			<Dynamic>false</Dynamic>
			<FrozenPos>true</FrozenPos>
			<HashName>prop_power_cell</HashName>
			<InitialHandle>27942</InitialHandle>
			<ObjectProperties>
				<TextureVariation>0</TextureVariation>
			</ObjectProperties>
			<OpacityLevel>255</OpacityLevel>
			<LodDistance>16960</LodDistance>
			<IsVisible>true</IsVisible>
			<MaxHealth>1000</MaxHealth>
			<Health>1000</Health>
			<HasGravity>true</HasGravity>
			<IsOnFire>false</IsOnFire>
			<IsInvincible>true</IsInvincible>
			<IsBulletProof>false</IsBulletProof>
			<IsCollisionProof>true</IsCollisionProof>
			<IsExplosionProof>true</IsExplosionProof>
			<IsFireProof>true</IsFireProof>
			<IsMeleeProof>true</IsMeleeProof>
			<IsOnlyDamagedByPlayer>false</IsOnlyDamagedByPlayer>
			<PositionRotation>
				<X>1477.20508</X>
				<Y>3195.51953</Y>
				<Z>40.8382492</Z>
				<Pitch>-0.112607472</Pitch>
				<Roll>-176.331833</Roll>
				<Yaw>117.789749</Yaw>
			</PositionRotation>
			<Attachment isAttached="true">
				<AttachedTo>91941</AttachedTo>
				<BoneIndex>0</BoneIndex>
				<X>0.543001235</X>
				<Y>0.558000386</Y>
				<Z>0.402000427</Z>
				<Pitch>-179.999985</Pitch>
				<Roll>3.99999475</Roll>
				<Yaw>-178.700027</Yaw>
			</Attachment>
		</Attachment>
		<Attachment>
			<ModelHash>0x8538a366</ModelHash>
			<Type>3</Type>
			<Dynamic>false</Dynamic>
			<FrozenPos>true</FrozenPos>
			<HashName>prop_power_cell</HashName>
			<InitialHandle>44585</InitialHandle>
			<ObjectProperties>
				<TextureVariation>0</TextureVariation>
			</ObjectProperties>
			<OpacityLevel>255</OpacityLevel>
			<LodDistance>16960</LodDistance>
			<IsVisible>true</IsVisible>
			<MaxHealth>1000</MaxHealth>
			<Health>1000</Health>
			<HasGravity>true</HasGravity>
			<IsOnFire>false</IsOnFire>
			<IsInvincible>true</IsInvincible>
			<IsBulletProof>false</IsBulletProof>
			<IsCollisionProof>true</IsCollisionProof>
			<IsExplosionProof>true</IsExplosionProof>
			<IsFireProof>true</IsFireProof>
			<IsMeleeProof>true</IsMeleeProof>
			<IsOnlyDamagedByPlayer>false</IsOnlyDamagedByPlayer>
			<PositionRotation>
				<X>1477.48743</X>
				<Y>3195.66357</Y>
				<Z>40.8438492</Z>
				<Pitch>-0.106799237</Pitch>
				<Roll>-176.33374</Roll>
				<Yaw>116.789764</Yaw>
			</PositionRotation>
			<Attachment isAttached="true">
				<AttachedTo>91941</AttachedTo>
				<BoneIndex>67</BoneIndex>
				<X>0.546001315</X>
				<Y>0.241000637</Y>
				<Z>0.407000363</Z>
				<Pitch>-179.999985</Pitch>
				<Roll>3.99999475</Roll>
				<Yaw>-179.700027</Yaw>
			</Attachment>
		</Attachment>
		<Attachment>
			<ModelHash>0x8538a366</ModelHash>
			<Type>3</Type>
			<Dynamic>false</Dynamic>
			<FrozenPos>true</FrozenPos>
			<HashName>prop_power_cell</HashName>
			<InitialHandle>126760</InitialHandle>
			<ObjectProperties>
				<TextureVariation>0</TextureVariation>
			</ObjectProperties>
			<OpacityLevel>255</OpacityLevel>
			<LodDistance>16960</LodDistance>
			<IsVisible>true</IsVisible>
			<MaxHealth>1000</MaxHealth>
			<Health>1000</Health>
			<HasGravity>true</HasGravity>
			<IsOnFire>false</IsOnFire>
			<IsInvincible>true</IsInvincible>
			<IsBulletProof>false</IsBulletProof>
			<IsCollisionProof>true</IsCollisionProof>
			<IsExplosionProof>true</IsExplosionProof>
			<IsFireProof>true</IsFireProof>
			<IsMeleeProof>true</IsMeleeProof>
			<IsOnlyDamagedByPlayer>false</IsOnlyDamagedByPlayer>
			<PositionRotation>
				<X>1477.77246</X>
				<Y>3195.80469</Y>
				<Z>40.8424263</Z>
				<Pitch>-0.102713607</Pitch>
				<Roll>-176.335022</Roll>
				<Yaw>116.089745</Yaw>
			</PositionRotation>
			<Attachment isAttached="true">
				<AttachedTo>91941</AttachedTo>
				<BoneIndex>67</BoneIndex>
				<X>0.545001209</X>
				<Y>-0.0769997537</Y>
				<Z>0.405000627</Z>
				<Pitch>-179.999985</Pitch>
				<Roll>3.99999475</Roll>
				<Yaw>179.59993</Yaw>
			</Attachment>
		</Attachment>
		<Attachment>
			<ModelHash>0xcc302825</ModelHash>
			<Type>3</Type>
			<Dynamic>true</Dynamic>
			<FrozenPos>true</FrozenPos>
			<HashName>prop_wall_vent_05</HashName>
			<InitialHandle>69686</InitialHandle>
			<ObjectProperties>
				<TextureVariation>0</TextureVariation>
			</ObjectProperties>
			<OpacityLevel>255</OpacityLevel>
			<LodDistance>16960</LodDistance>
			<IsVisible>true</IsVisible>
			<MaxHealth>1000</MaxHealth>
			<Health>1000</Health>
			<HasGravity>true</HasGravity>
			<IsOnFire>false</IsOnFire>
			<IsInvincible>true</IsInvincible>
			<IsBulletProof>false</IsBulletProof>
			<IsCollisionProof>false</IsCollisionProof>
			<IsExplosionProof>true</IsExplosionProof>
			<IsFireProof>true</IsFireProof>
			<IsMeleeProof>true</IsMeleeProof>
			<IsOnlyDamagedByPlayer>false</IsOnlyDamagedByPlayer>
			<PositionRotation>
				<X>1478.95447</X>
				<Y>3196.15088</Y>
				<Z>41.2383881</Z>
				<Pitch>-80.0994644</Pitch>
				<Roll>-1.94467425</Roll>
				<Yaw>114.574677</Yaw>
			</PositionRotation>
			<Attachment isAttached="true">
				<AttachedTo>91941</AttachedTo>
				<BoneIndex>0</BoneIndex>
				<X>0.330000013</X>
				<Y>-1.29000032</Y>
				<Z>0.800000072</Z>
				<Pitch>-80.0000076</Pitch>
				<Roll>0</Roll>
				<Yaw>0</Yaw>
			</Attachment>
		</Attachment>
		<Attachment>
			<ModelHash>0xcc302825</ModelHash>
			<Type>3</Type>
			<Dynamic>true</Dynamic>
			<FrozenPos>true</FrozenPos>
			<HashName>prop_wall_vent_05</HashName>
			<InitialHandle>10810</InitialHandle>
			<ObjectProperties>
				<TextureVariation>0</TextureVariation>
			</ObjectProperties>
			<OpacityLevel>255</OpacityLevel>
			<LodDistance>16960</LodDistance>
			<IsVisible>true</IsVisible>
			<MaxHealth>1000</MaxHealth>
			<Health>1000</Health>
			<HasGravity>true</HasGravity>
			<IsOnFire>false</IsOnFire>
			<IsInvincible>true</IsInvincible>
			<IsBulletProof>false</IsBulletProof>
			<IsCollisionProof>false</IsCollisionProof>
			<IsExplosionProof>true</IsExplosionProof>
			<IsFireProof>true</IsFireProof>
			<IsMeleeProof>true</IsMeleeProof>
			<IsOnlyDamagedByPlayer>false</IsOnlyDamagedByPlayer>
			<PositionRotation>
				<X>1479.396</X>
				<Y>3195.26489</Y>
				<Z>41.2326126</Z>
				<Pitch>-80.0994644</Pitch>
				<Roll>-1.94467425</Roll>
				<Yaw>114.574677</Yaw>
			</PositionRotation>
			<Attachment isAttached="true">
				<AttachedTo>91941</AttachedTo>
				<BoneIndex>0</BoneIndex>
				<X>-0.659999728</X>
				<Y>-1.29000032</Y>
				<Z>0.800000072</Z>
				<Pitch>-80.0000076</Pitch>
				<Roll>0</Roll>
				<Yaw>0</Yaw>
			</Attachment>
		</Attachment>
		<Attachment>
			<ModelHash>0xcc302825</ModelHash>
			<Type>3</Type>
			<Dynamic>true</Dynamic>
			<FrozenPos>true</FrozenPos>
			<HashName>prop_wall_vent_05</HashName>
			<InitialHandle>129829</InitialHandle>
			<ObjectProperties>
				<TextureVariation>0</TextureVariation>
			</ObjectProperties>
			<OpacityLevel>255</OpacityLevel>
			<LodDistance>16960</LodDistance>
			<IsVisible>true</IsVisible>
			<MaxHealth>1000</MaxHealth>
			<Health>1000</Health>
			<HasGravity>true</HasGravity>
			<IsOnFire>false</IsOnFire>
			<IsInvincible>true</IsInvincible>
			<IsBulletProof>false</IsBulletProof>
			<IsCollisionProof>false</IsCollisionProof>
			<IsExplosionProof>true</IsExplosionProof>
			<IsFireProof>true</IsFireProof>
			<IsMeleeProof>true</IsMeleeProof>
			<IsOnlyDamagedByPlayer>false</IsOnlyDamagedByPlayer>
			<PositionRotation>
				<X>1479.27026</X>
				<Y>3195.20361</Y>
				<Z>41.1873627</Z>
				<Pitch>-70.102356</Pitch>
				<Roll>-0.982302487</Roll>
				<Yaw>115.566742</Yaw>
			</PositionRotation>
			<Attachment isAttached="true">
				<AttachedTo>91941</AttachedTo>
				<BoneIndex>0</BoneIndex>
				<X>-0.658999741</X>
				<Y>-1.15000045</Y>
				<Z>0.75500077</Z>
				<Pitch>-70.0000076</Pitch>
				<Roll>0</Roll>
				<Yaw>0</Yaw>
			</Attachment>
		</Attachment>
		<Attachment>
			<ModelHash>0xcc302825</ModelHash>
			<Type>3</Type>
			<Dynamic>true</Dynamic>
			<FrozenPos>true</FrozenPos>
			<HashName>prop_wall_vent_05</HashName>
			<InitialHandle>13602</InitialHandle>
			<ObjectProperties>
				<TextureVariation>0</TextureVariation>
			</ObjectProperties>
			<OpacityLevel>255</OpacityLevel>
			<LodDistance>16960</LodDistance>
			<IsVisible>true</IsVisible>
			<MaxHealth>1000</MaxHealth>
			<Health>1000</Health>
			<HasGravity>true</HasGravity>
			<IsOnFire>false</IsOnFire>
			<IsInvincible>true</IsInvincible>
			<IsBulletProof>false</IsBulletProof>
			<IsCollisionProof>false</IsCollisionProof>
			<IsExplosionProof>true</IsExplosionProof>
			<IsFireProof>true</IsFireProof>
			<IsMeleeProof>true</IsMeleeProof>
			<IsOnlyDamagedByPlayer>false</IsOnlyDamagedByPlayer>
			<PositionRotation>
				<X>1478.82861</X>
				<Y>3196.0896</Y>
				<Z>41.1931381</Z>
				<Pitch>-70.102356</Pitch>
				<Roll>-0.982302487</Roll>
				<Yaw>115.566742</Yaw>
			</PositionRotation>
			<Attachment isAttached="true">
				<AttachedTo>91941</AttachedTo>
				<BoneIndex>0</BoneIndex>
				<X>0.331</X>
				<Y>-1.15000045</Y>
				<Z>0.75500077</Z>
				<Pitch>-70.0000076</Pitch>
				<Roll>0</Roll>
				<Yaw>0</Yaw>
			</Attachment>
		</Attachment>
		<Attachment>
			<ModelHash>0xf212d0de</ModelHash>
			<Type>3</Type>
			<Dynamic>true</Dynamic>
			<FrozenPos>true</FrozenPos>
			<HashName>imp_prop_impexp_radiator_03</HashName>
			<InitialHandle>152886</InitialHandle>
			<ObjectProperties>
				<TextureVariation>0</TextureVariation>
			</ObjectProperties>
			<OpacityLevel>255</OpacityLevel>
			<LodDistance>16960</LodDistance>
			<IsVisible>true</IsVisible>
			<MaxHealth>1000</MaxHealth>
			<Health>1000</Health>
			<HasGravity>true</HasGravity>
			<IsOnFire>false</IsOnFire>
			<IsInvincible>true</IsInvincible>
			<IsBulletProof>false</IsBulletProof>
			<IsCollisionProof>true</IsCollisionProof>
			<IsExplosionProof>true</IsExplosionProof>
			<IsFireProof>true</IsFireProof>
			<IsMeleeProof>true</IsMeleeProof>
			<IsOnlyDamagedByPlayer>false</IsOnlyDamagedByPlayer>
			<PositionRotation>
				<X>1475.35522</X>
				<Y>3193.80225</Y>
				<Z>40.627655</Z>
				<Pitch>-70.1023483</Pitch>
				<Roll>-0.982299209</Roll>
				<Yaw>115.566742</Yaw>
			</PositionRotation>
			<Attachment isAttached="true">
				<AttachedTo>91941</AttachedTo>
				<BoneIndex>0</BoneIndex>
				<X>-0.169999957</X>
				<Y>2.97999907</Y>
				<Z>0.200000003</Z>
				<Pitch>-69.9999924</Pitch>
				<Roll>0</Roll>
				<Yaw>0</Yaw>
			</Attachment>
		</Attachment>
	</SpoonerAttachments>
</Vehicle>
