<?xml version="1.0" encoding="ISO-8859-1"?>
<Vehicle menyoo_ver="0.9998b">
	<ModelHash>0x809aa4cb</ModelHash>
	<InitialHandle>191826</InitialHandle>
	<VehicleProperties>
		<Colours>
			<Primary>12</Primary>
			<Secondary>120</Secondary>
			<Pearl>81</Pearl>
			<Rim>156</Rim>
			<Mod1_a>2</Mod1_a>
			<Mod1_b>0</Mod1_b>
			<Mod1_c>60</Mod1_c>
			<Mod2_a>0</Mod2_a>
			<Mod2_b>1036831949</Mod2_b>
			<IsPrimaryColourCustom>true</IsPrimaryColourCustom>
			<Cust1_R>180</Cust1_R>
			<Cust1_G>20</Cust1_G>
			<Cust1_B>90</Cust1_B>
			<IsSecondaryColourCustom>false</IsSecondaryColourCustom>
			<tyreSmoke_R>255</tyreSmoke_R>
			<tyreSmoke_G>255</tyreSmoke_G>
			<tyreSmoke_B>255</tyreSmoke_B>
			<LrInterior>0</LrInterior>
			<LrDashboard>0</LrDashboard>
		</Colours>
		<Livery>-1</Livery>
		<NumberPlateText>41ZMN949</NumberPlateText>
		<NumberPlateIndex>0</NumberPlateIndex>
		<WheelType>0</WheelType>
		<WheelsInvisible>false</WheelsInvisible>
		<WindowTint>1</WindowTint>
		<BulletProofTyres>true</BulletProofTyres>
		<DirtLevel>0.140432432</DirtLevel>
		<PaintFade>0.737254918</PaintFade>
		<RoofState>0</RoofState>
		<SirenActive>false</SirenActive>
		<EngineOn>true</EngineOn>
		<EngineHealth>1250</EngineHealth>
		<LightsOn>true</LightsOn>
		<Neons>
			<Left>true</Left>
			<Right>true</Right>
			<Front>true</Front>
			<Back>true</Back>
			<R>15</R>
			<G>3</G>
			<B>255</B>
		</Neons>
		<ModExtras />
		<Mods>
			<_0>-1,0</_0>
			<_1>-1,0</_1>
			<_2>-1,0</_2>
			<_3>-1,0</_3>
			<_4>-1,0</_4>
			<_5>-1,0</_5>
			<_6>-1,0</_6>
			<_7>-1,0</_7>
			<_8>-1,0</_8>
			<_9>-1,0</_9>
			<_10>-1,0</_10>
			<_11>-1,0</_11>
			<_12>-1,0</_12>
			<_13>-1,0</_13>
			<_14>-1,0</_14>
			<_15>-1,0</_15>
			<_16>-1,0</_16>
			<_17>false</_17>
			<_18>true</_18>
			<_19>false</_19>
			<_20>true</_20>
			<_21>false</_21>
			<_22>true</_22>
			<_23>-1,0</_23>
			<_24>-1,0</_24>
			<_25>-1,0</_25>
			<_26>-1,0</_26>
			<_27>-1,0</_27>
			<_28>-1,0</_28>
			<_29>-1,0</_29>
			<_30>-1,0</_30>
			<_31>-1,0</_31>
			<_32>-1,0</_32>
			<_33>-1,0</_33>
			<_34>-1,0</_34>
			<_35>-1,0</_35>
			<_36>-1,0</_36>
			<_37>-1,0</_37>
			<_38>-1,0</_38>
			<_39>-1,0</_39>
			<_40>-1,0</_40>
			<_41>-1,0</_41>
			<_42>-1,0</_42>
			<_43>-1,0</_43>
			<_44>-1,0</_44>
			<_45>-1,0</_45>
			<_46>-1,0</_46>
			<_47>-1,0</_47>
			<_48>-1,0</_48>
		</Mods>
		<DoorsOpen>
			<BackLeftDoor>false</BackLeftDoor>
			<BackRightDoor>false</BackRightDoor>
			<FrontLeftDoor>false</FrontLeftDoor>
			<FrontRightDoor>false</FrontRightDoor>
			<Hood>false</Hood>
			<Trunk>false</Trunk>
			<Trunk2>false</Trunk2>
		</DoorsOpen>
		<DoorsBroken>
			<BackLeftDoor>false</BackLeftDoor>
			<BackRightDoor>false</BackRightDoor>
			<FrontLeftDoor>false</FrontLeftDoor>
			<FrontRightDoor>false</FrontRightDoor>
			<Hood>false</Hood>
			<Trunk>false</Trunk>
			<Trunk2>false</Trunk2>
		</DoorsBroken>
		<TyresBursted>
			<FrontLeft>false</FrontLeft>
			<FrontRight>false</FrontRight>
			<_2>false</_2>
			<_3>false</_3>
			<BackLeft>false</BackLeft>
			<BackRight>false</BackRight>
			<_6>false</_6>
			<_7>false</_7>
			<_8>false</_8>
		</TyresBursted>
		<RpmMultiplier>1</RpmMultiplier>
		<TorqueMultiplier>1</TorqueMultiplier>
		<HeadlightIntensity>1</HeadlightIntensity>
	</VehicleProperties>
	<OpacityLevel>255</OpacityLevel>
	<LodDistance>16960</LodDistance>
	<IsVisible>true</IsVisible>
	<IsDriverVisible>true</IsDriverVisible>
	<IsOnFire>false</IsOnFire>
	<IsInvincible>false</IsInvincible>
	<IsBulletProof>false</IsBulletProof>
	<IsExplosionProof>false</IsExplosionProof>
	<IsFireProof>false</IsFireProof>
	<IsMeleeProof>false</IsMeleeProof>
	<IsOnlyDamagedByPlayer>false</IsOnlyDamagedByPlayer>
	<SpoonerAttachments SetAttachmentsPersistentAndAddToSpoonerDatabase="false">
		<Attachment>
			<ModelHash>0x7be032c6</ModelHash>
			<Type>2</Type>
			<Dynamic>true</Dynamic>
			<HashName>Trailer</HashName>
			<InitialHandle>256595</InitialHandle>
			<VehicleProperties>
				<Colours>
					<Primary>22</Primary>
					<Secondary>112</Secondary>
					<Pearl>4</Pearl>
					<Rim>156</Rim>
					<Mod1_a>2078290630</Mod1_a>
					<Mod1_b>2</Mod1_b>
					<Mod1_c>-1079398256</Mod1_c>
					<Mod2_a>403693859</Mod2_a>
					<Mod2_b>1049621912</Mod2_b>
					<IsPrimaryColourCustom>false</IsPrimaryColourCustom>
					<IsSecondaryColourCustom>false</IsSecondaryColourCustom>
					<tyreSmoke_R>255</tyreSmoke_R>
					<tyreSmoke_G>255</tyreSmoke_G>
					<tyreSmoke_B>255</tyreSmoke_B>
					<LrInterior>0</LrInterior>
					<LrDashboard>0</LrDashboard>
				</Colours>
				<Livery>-1</Livery>
				<NumberPlateText>27VXN699</NumberPlateText>
				<NumberPlateIndex>0</NumberPlateIndex>
				<WheelType>0</WheelType>
				<WheelsInvisible>false</WheelsInvisible>
				<WindowTint>-1</WindowTint>
				<BulletProofTyres>false</BulletProofTyres>
				<DirtLevel>1</DirtLevel>
				<PaintFade>0.866666734</PaintFade>
				<RoofState>0</RoofState>
				<SirenActive>false</SirenActive>
				<EngineOn>false</EngineOn>
				<EngineHealth>1000</EngineHealth>
				<LightsOn>true</LightsOn>
				<Neons>
					<Left>false</Left>
					<Right>false</Right>
					<Front>false</Front>
					<Back>false</Back>
					<R>255</R>
					<G>0</G>
					<B>255</B>
				</Neons>
				<DoorsOpen>
					<BackLeftDoor>false</BackLeftDoor>
					<BackRightDoor>false</BackRightDoor>
					<FrontLeftDoor>false</FrontLeftDoor>
					<FrontRightDoor>false</FrontRightDoor>
					<Hood>false</Hood>
					<Trunk>false</Trunk>
					<Trunk2>false</Trunk2>
				</DoorsOpen>
				<DoorsBroken>
					<BackLeftDoor>false</BackLeftDoor>
					<BackRightDoor>false</BackRightDoor>
					<FrontLeftDoor>false</FrontLeftDoor>
					<FrontRightDoor>false</FrontRightDoor>
					<Hood>true</Hood>
					<Trunk>true</Trunk>
					<Trunk2>false</Trunk2>
				</DoorsBroken>
				<TyresBursted>
					<FrontLeft>false</FrontLeft>
					<FrontRight>false</FrontRight>
					<_2>false</_2>
					<_3>false</_3>
					<BackLeft>false</BackLeft>
					<BackRight>false</BackRight>
					<_6>false</_6>
					<_7>false</_7>
					<_8>false</_8>
				</TyresBursted>
				<RpmMultiplier>1</RpmMultiplier>
				<TorqueMultiplier>1</TorqueMultiplier>
				<HeadlightIntensity>1</HeadlightIntensity>
				<ModExtras />
				<Mods>
					<_0>-1,0</_0>
					<_1>-1,0</_1>
					<_2>-1,0</_2>
					<_3>-1,0</_3>
					<_4>-1,0</_4>
					<_5>-1,0</_5>
					<_6>-1,0</_6>
					<_7>-1,0</_7>
					<_8>-1,0</_8>
					<_9>-1,0</_9>
					<_10>-1,0</_10>
					<_11>-1,0</_11>
					<_12>-1,0</_12>
					<_13>-1,0</_13>
					<_14>-1,0</_14>
					<_15>-1,0</_15>
					<_16>-1,0</_16>
					<_17>false</_17>
					<_18>false</_18>
					<_19>false</_19>
					<_20>false</_20>
					<_21>false</_21>
					<_22>false</_22>
					<_23>-1,0</_23>
					<_24>-1,0</_24>
					<_25>-1,0</_25>
					<_26>-1,0</_26>
					<_27>-1,0</_27>
					<_28>-1,0</_28>
					<_29>-1,0</_29>
					<_30>-1,0</_30>
					<_31>-1,0</_31>
					<_32>-1,0</_32>
					<_33>-1,0</_33>
					<_34>-1,0</_34>
					<_35>-1,0</_35>
					<_36>-1,0</_36>
					<_37>-1,0</_37>
					<_38>-1,0</_38>
					<_39>-1,0</_39>
					<_40>-1,0</_40>
					<_41>-1,0</_41>
					<_42>-1,0</_42>
					<_43>-1,0</_43>
					<_44>-1,0</_44>
					<_45>-1,0</_45>
					<_46>-1,0</_46>
					<_47>-1,0</_47>
					<_48>-1,0</_48>
				</Mods>
			</VehicleProperties>
			<OpacityLevel>255</OpacityLevel>
			<LodDistance>16960</LodDistance>
			<IsVisible>true</IsVisible>
			<Health>0</Health>
			<IsOnFire>false</IsOnFire>
			<IsInvincible>false</IsInvincible>
			<IsBulletProof>false</IsBulletProof>
			<IsCollisionProof>false</IsCollisionProof>
			<IsExplosionProof>false</IsExplosionProof>
			<IsFireProof>false</IsFireProof>
			<IsMeleeProof>false</IsMeleeProof>
			<IsOnlyDamagedByPlayer>false</IsOnlyDamagedByPlayer>
			<PositionRotation>
				<X>-1410.66663</X>
				<Y>-2904.9519</Y>
				<Z>14.182128</Z>
				<Pitch>0.348526388</Pitch>
				<Roll>-0.0419247411</Roll>
				<Yaw>-117.43985</Yaw>
			</PositionRotation>
			<Attachment isAttached="true">
				<AttachedTo>191826</AttachedTo>
				<BoneIndex>0</BoneIndex>
				<X>0.187562451</X>
				<Y>-9.27669716</Y>
				<Z>0.230109096</Z>
				<Pitch>-0.0174736679</Pitch>
				<Roll>-0.00477916002</Roll>
				<Yaw>1.07240665</Yaw>
			</Attachment>
		</Attachment>
		<Attachment>
			<ModelHash>0xf724026d</ModelHash>
			<Type>3</Type>
			<Dynamic>false</Dynamic>
			<HashName>prop_mb_sandblock_01</HashName>
			<InitialHandle>384595</InitialHandle>
			<OpacityLevel>255</OpacityLevel>
			<LodDistance>16960</LodDistance>
			<IsVisible>true</IsVisible>
			<Health>1000</Health>
			<IsOnFire>false</IsOnFire>
			<IsInvincible>false</IsInvincible>
			<IsBulletProof>false</IsBulletProof>
			<IsCollisionProof>false</IsCollisionProof>
			<IsExplosionProof>false</IsExplosionProof>
			<IsFireProof>false</IsFireProof>
			<IsMeleeProof>false</IsMeleeProof>
			<IsOnlyDamagedByPlayer>false</IsOnlyDamagedByPlayer>
			<PositionRotation>
				<X>-1416.10413</X>
				<Y>-2903.70605</Y>
				<Z>14.1503048</Z>
				<Pitch>0.348526388</Pitch>
				<Roll>-0.0419247411</Roll>
				<Yaw>-117.43985</Yaw>
			</PositionRotation>
			<Attachment isAttached="true">
				<AttachedTo>256595</AttachedTo>
				<BoneIndex>0</BoneIndex>
				<X>1.40000033</X>
				<Y>-5.40000057</Y>
				<Z>0</Z>
				<Pitch>0</Pitch>
				<Roll>0</Roll>
				<Yaw>0</Yaw>
			</Attachment>
		</Attachment>
		<Attachment>
			<ModelHash>0x09dda7e0</ModelHash>
			<Type>3</Type>
			<Dynamic>false</Dynamic>
			<HashName>prop_mb_sandblock_02</HashName>
			<InitialHandle>385107</InitialHandle>
			<OpacityLevel>255</OpacityLevel>
			<LodDistance>16960</LodDistance>
			<IsVisible>true</IsVisible>
			<Health>1000</Health>
			<IsOnFire>false</IsOnFire>
			<IsInvincible>false</IsInvincible>
			<IsBulletProof>false</IsBulletProof>
			<IsCollisionProof>false</IsCollisionProof>
			<IsExplosionProof>false</IsExplosionProof>
			<IsFireProof>false</IsFireProof>
			<IsMeleeProof>false</IsMeleeProof>
			<IsOnlyDamagedByPlayer>false</IsOnlyDamagedByPlayer>
			<PositionRotation>
				<X>-1416.79028</X>
				<Y>-2901.77222</Y>
				<Z>14.1401558</Z>
				<Pitch>0.0419228747</Pitch>
				<Roll>0.348526567</Roll>
				<Yaw>152.559708</Yaw>
			</PositionRotation>
			<Attachment isAttached="true">
				<AttachedTo>256595</AttachedTo>
				<BoneIndex>0</BoneIndex>
				<X>0</X>
				<Y>-6.8999958</Y>
				<Z>0</Z>
				<Pitch>0</Pitch>
				<Roll>0</Roll>
				<Yaw>-90.0001831</Yaw>
			</Attachment>
		</Attachment>
		<Attachment>
			<ModelHash>0x588fc547</ModelHash>
			<Type>3</Type>
			<Dynamic>false</Dynamic>
			<HashName>prop_mb_sandblock_03</HashName>
			<InitialHandle>359251</InitialHandle>
			<OpacityLevel>255</OpacityLevel>
			<LodDistance>16960</LodDistance>
			<IsVisible>true</IsVisible>
			<Health>1000</Health>
			<IsOnFire>false</IsOnFire>
			<IsInvincible>false</IsInvincible>
			<IsBulletProof>false</IsBulletProof>
			<IsCollisionProof>false</IsCollisionProof>
			<IsExplosionProof>false</IsExplosionProof>
			<IsFireProof>false</IsFireProof>
			<IsMeleeProof>false</IsMeleeProof>
			<IsOnlyDamagedByPlayer>false</IsOnlyDamagedByPlayer>
			<PositionRotation>
				<X>-1411.11035</X>
				<Y>-2904.72144</Y>
				<Z>14.1790867</Z>
				<Pitch>-0.0419239551</Pitch>
				<Roll>-0.348526448</Roll>
				<Yaw>-27.4401073</Yaw>
			</PositionRotation>
			<Attachment isAttached="true">
				<AttachedTo>256595</AttachedTo>
				<BoneIndex>0</BoneIndex>
				<X>0</X>
				<Y>-0.500000119</Y>
				<Z>0</Z>
				<Pitch>0</Pitch>
				<Roll>0</Roll>
				<Yaw>90.0000076</Yaw>
			</Attachment>
		</Attachment>
		<Attachment>
			<ModelHash>0x6d51eecb</ModelHash>
			<Type>3</Type>
			<Dynamic>false</Dynamic>
			<HashName>prop_mb_sandblock_04</HashName>
			<InitialHandle>271699</InitialHandle>
			<OpacityLevel>255</OpacityLevel>
			<LodDistance>16960</LodDistance>
			<IsVisible>true</IsVisible>
			<Health>1000</Health>
			<IsOnFire>false</IsOnFire>
			<IsInvincible>false</IsInvincible>
			<IsBulletProof>false</IsBulletProof>
			<IsCollisionProof>false</IsCollisionProof>
			<IsExplosionProof>false</IsExplosionProof>
			<IsFireProof>false</IsFireProof>
			<IsMeleeProof>false</IsMeleeProof>
			<IsOnlyDamagedByPlayer>false</IsOnlyDamagedByPlayer>
			<PositionRotation>
				<X>-1414.21655</X>
				<Y>-2903.10864</Y>
				<Z>14.1577959</Z>
				<Pitch>-0.348526388</Pitch>
				<Roll>0.0419248678</Roll>
				<Yaw>62.5601578</Yaw>
			</PositionRotation>
			<Attachment isAttached="true">
				<AttachedTo>256595</AttachedTo>
				<BoneIndex>0</BoneIndex>
				<X>0</X>
				<Y>-4.00000095</Y>
				<Z>0</Z>
				<Pitch>0</Pitch>
				<Roll>0</Roll>
				<Yaw>180.000015</Yaw>
			</Attachment>
		</Attachment>
		<Attachment>
			<ModelHash>0xf724026d</ModelHash>
			<Type>3</Type>
			<Dynamic>false</Dynamic>
			<HashName>prop_mb_sandblock_01</HashName>
			<InitialHandle>369235</InitialHandle>
			<OpacityLevel>255</OpacityLevel>
			<LodDistance>16960</LodDistance>
			<IsVisible>true</IsVisible>
			<Health>1000</Health>
			<IsOnFire>false</IsOnFire>
			<IsInvincible>false</IsInvincible>
			<IsBulletProof>false</IsBulletProof>
			<IsCollisionProof>false</IsCollisionProof>
			<IsExplosionProof>false</IsExplosionProof>
			<IsFireProof>false</IsFireProof>
			<IsMeleeProof>false</IsMeleeProof>
			<IsOnlyDamagedByPlayer>false</IsOnlyDamagedByPlayer>
			<PositionRotation>
				<X>-1414.86169</X>
				<Y>-2904.35132</Y>
				<Z>14.1588202</Z>
				<Pitch>0.348526388</Pitch>
				<Roll>-0.0419247709</Roll>
				<Yaw>-117.43985</Yaw>
			</PositionRotation>
			<Attachment isAttached="true">
				<AttachedTo>256595</AttachedTo>
				<BoneIndex>0</BoneIndex>
				<X>1.40004516</X>
				<Y>-3.99994087</Y>
				<Z>-1.10268593e-006</Z>
				<Pitch>0</Pitch>
				<Roll>-2.6600901e-008</Roll>
				<Yaw>0</Yaw>
			</Attachment>
		</Attachment>
		<Attachment>
			<ModelHash>0x7b37c437</ModelHash>
			<Type>3</Type>
			<Dynamic>false</Dynamic>
			<HashName>prop_metal_plates01</HashName>
			<InitialHandle>27987</InitialHandle>
			<OpacityLevel>255</OpacityLevel>
			<LodDistance>16960</LodDistance>
			<IsVisible>true</IsVisible>
			<Health>1000</Health>
			<IsOnFire>false</IsOnFire>
			<IsInvincible>false</IsInvincible>
			<IsBulletProof>false</IsBulletProof>
			<IsCollisionProof>false</IsCollisionProof>
			<IsExplosionProof>false</IsExplosionProof>
			<IsFireProof>false</IsFireProof>
			<IsMeleeProof>false</IsMeleeProof>
			<IsOnlyDamagedByPlayer>false</IsOnlyDamagedByPlayer>
			<PositionRotation>
				<X>-1411.38806</X>
				<Y>-2902.1189</Y>
				<Z>16.7687454</Z>
				<Pitch>0.348526418</Pitch>
				<Roll>90.0572586</Roll>
				<Yaw>-117.43985</Yaw>
			</PositionRotation>
			<Attachment isAttached="true">
				<AttachedTo>256595</AttachedTo>
				<BoneIndex>0</BoneIndex>
				<X>-2.18000031</X>
				<Y>-1.92999864</Y>
				<Z>2.5999999</Z>
				<Pitch>0</Pitch>
				<Roll>90.0991974</Roll>
				<Yaw>0</Yaw>
			</Attachment>
		</Attachment>
		<Attachment>
			<ModelHash>0x7b37c437</ModelHash>
			<Type>3</Type>
			<Dynamic>false</Dynamic>
			<HashName>prop_metal_plates01</HashName>
			<InitialHandle>399187</InitialHandle>
			<OpacityLevel>255</OpacityLevel>
			<LodDistance>16960</LodDistance>
			<IsVisible>true</IsVisible>
			<Health>1000</Health>
			<IsOnFire>false</IsOnFire>
			<IsInvincible>false</IsInvincible>
			<IsBulletProof>false</IsBulletProof>
			<IsCollisionProof>false</IsCollisionProof>
			<IsExplosionProof>false</IsExplosionProof>
			<IsFireProof>false</IsFireProof>
			<IsMeleeProof>false</IsMeleeProof>
			<IsOnlyDamagedByPlayer>false</IsOnlyDamagedByPlayer>
			<PositionRotation>
				<X>-1413.3877</X>
				<Y>-2905.94824</Y>
				<Z>16.771843</Z>
				<Pitch>0.34852621</Pitch>
				<Roll>90.0572433</Roll>
				<Yaw>-117.43985</Yaw>
			</PositionRotation>
			<Attachment isAttached="true">
				<AttachedTo>256595</AttachedTo>
				<BoneIndex>0</BoneIndex>
				<X>2.14008379</X>
				<Y>-1.93994081</Y>
				<Z>2.59999847</Z>
				<Pitch>-2.38418579e-007</Pitch>
				<Roll>90.0991821</Roll>
				<Yaw>0</Yaw>
			</Attachment>
		</Attachment>
		<Attachment>
			<ModelHash>0x7facfa03</ModelHash>
			<Type>3</Type>
			<Dynamic>false</Dynamic>
			<HashName>prop_hottub2</HashName>
			<InitialHandle>455939</InitialHandle>
			<OpacityLevel>255</OpacityLevel>
			<LodDistance>16960</LodDistance>
			<IsVisible>true</IsVisible>
			<Health>1000</Health>
			<IsOnFire>false</IsOnFire>
			<IsInvincible>false</IsInvincible>
			<IsBulletProof>false</IsBulletProof>
			<IsCollisionProof>false</IsCollisionProof>
			<IsExplosionProof>false</IsExplosionProof>
			<IsFireProof>false</IsFireProof>
			<IsMeleeProof>false</IsMeleeProof>
			<IsOnlyDamagedByPlayer>false</IsOnlyDamagedByPlayer>
			<PositionRotation>
				<X>-1409.15759</X>
				<Y>-2904.78662</Y>
				<Z>16.9492455</Z>
				<Pitch>0.348526388</Pitch>
				<Roll>-0.0419247411</Roll>
				<Yaw>-117.43985</Yaw>
			</PositionRotation>
			<Attachment isAttached="true">
				<AttachedTo>256595</AttachedTo>
				<BoneIndex>0</BoneIndex>
				<X>-0.839999557</X>
				<Y>1.27999914</Y>
				<Z>2.75999784</Z>
				<Pitch>0</Pitch>
				<Roll>0</Roll>
				<Yaw>0</Yaw>
			</Attachment>
		</Attachment>
		<Attachment>
			<ModelHash>0x7b37c437</ModelHash>
			<Type>3</Type>
			<Dynamic>false</Dynamic>
			<HashName>prop_metal_plates01</HashName>
			<InitialHandle>404264</InitialHandle>
			<OpacityLevel>255</OpacityLevel>
			<LodDistance>16960</LodDistance>
			<IsVisible>true</IsVisible>
			<Health>1000</Health>
			<IsOnFire>false</IsOnFire>
			<IsInvincible>false</IsInvincible>
			<IsBulletProof>false</IsBulletProof>
			<IsCollisionProof>false</IsCollisionProof>
			<IsExplosionProof>false</IsExplosionProof>
			<IsFireProof>false</IsFireProof>
			<IsMeleeProof>false</IsMeleeProof>
			<IsOnlyDamagedByPlayer>false</IsOnlyDamagedByPlayer>
			<PositionRotation>
				<X>-1408.1875</X>
				<Y>-2907.17212</Y>
				<Z>16.9323921</Z>
				<Pitch>0.348526388</Pitch>
				<Roll>-0.0419247411</Roll>
				<Yaw>-117.43985</Yaw>
			</PositionRotation>
			<Attachment isAttached="true">
				<AttachedTo>256595</AttachedTo>
				<BoneIndex>0</BoneIndex>
				<X>0.829999566</X>
				<Y>3.23999739</Y>
				<Z>2.72999787</Z>
				<Pitch>0</Pitch>
				<Roll>0</Roll>
				<Yaw>0</Yaw>
			</Attachment>
		</Attachment>
		<Attachment>
			<ModelHash>0x7b37c437</ModelHash>
			<Type>3</Type>
			<Dynamic>false</Dynamic>
			<HashName>prop_metal_plates01</HashName>
			<InitialHandle>478035</InitialHandle>
			<OpacityLevel>255</OpacityLevel>
			<LodDistance>16960</LodDistance>
			<IsVisible>true</IsVisible>
			<Health>1000</Health>
			<IsOnFire>false</IsOnFire>
			<IsInvincible>false</IsInvincible>
			<IsBulletProof>false</IsBulletProof>
			<IsCollisionProof>false</IsCollisionProof>
			<IsExplosionProof>false</IsExplosionProof>
			<IsFireProof>false</IsFireProof>
			<IsMeleeProof>false</IsMeleeProof>
			<IsOnlyDamagedByPlayer>false</IsOnlyDamagedByPlayer>
			<PositionRotation>
				<X>-1407.90918</X>
				<Y>-2903.92529</Y>
				<Z>16.7925911</Z>
				<Pitch>0.348526418</Pitch>
				<Roll>90.0572433</Roll>
				<Yaw>-117.439827</Yaw>
			</PositionRotation>
			<Attachment isAttached="true">
				<AttachedTo>256595</AttachedTo>
				<BoneIndex>0</BoneIndex>
				<X>-2.17999363</X>
				<Y>1.98997259</Y>
				<Z>2.60000181</Z>
				<Pitch>0</Pitch>
				<Roll>90.0991745</Roll>
				<Yaw>1.52587891e-005</Yaw>
			</Attachment>
		</Attachment>
		<Attachment>
			<ModelHash>0x7b37c437</ModelHash>
			<Type>3</Type>
			<Dynamic>false</Dynamic>
			<HashName>prop_metal_plates01</HashName>
			<InitialHandle>171860</InitialHandle>
			<OpacityLevel>255</OpacityLevel>
			<LodDistance>16960</LodDistance>
			<IsVisible>true</IsVisible>
			<Health>1000</Health>
			<IsOnFire>false</IsOnFire>
			<IsInvincible>false</IsInvincible>
			<IsBulletProof>false</IsBulletProof>
			<IsCollisionProof>false</IsCollisionProof>
			<IsExplosionProof>false</IsExplosionProof>
			<IsFireProof>false</IsFireProof>
			<IsMeleeProof>false</IsMeleeProof>
			<IsOnlyDamagedByPlayer>false</IsOnlyDamagedByPlayer>
			<PositionRotation>
				<X>-1409.88647</X>
				<Y>-2907.75488</Y>
				<Z>16.7958088</Z>
				<Pitch>0.348526716</Pitch>
				<Roll>90.0572433</Roll>
				<Yaw>-117.439812</Yaw>
			</PositionRotation>
			<Attachment isAttached="true">
				<AttachedTo>256595</AttachedTo>
				<BoneIndex>0</BoneIndex>
				<X>2.12991285</X>
				<Y>1.99988627</Y>
				<Z>2.60000515</Z>
				<Pitch>2.98023224e-007</Pitch>
				<Roll>90.0991745</Roll>
				<Yaw>3.05175781e-005</Yaw>
			</Attachment>
		</Attachment>
		<Attachment>
			<ModelHash>0x09dda7e0</ModelHash>
			<Type>3</Type>
			<Dynamic>false</Dynamic>
			<HashName>prop_mb_sandblock_02</HashName>
			<InitialHandle>732500</InitialHandle>
			<OpacityLevel>255</OpacityLevel>
			<LodDistance>16960</LodDistance>
			<IsVisible>true</IsVisible>
			<Health>1000</Health>
			<IsOnFire>false</IsOnFire>
			<IsInvincible>false</IsInvincible>
			<IsBulletProof>false</IsBulletProof>
			<IsCollisionProof>true</IsCollisionProof>
			<IsExplosionProof>false</IsExplosionProof>
			<IsFireProof>false</IsFireProof>
			<IsMeleeProof>false</IsMeleeProof>
			<IsOnlyDamagedByPlayer>false</IsOnlyDamagedByPlayer>
			<PositionRotation>
				<X>-1408.62634</X>
				<Y>-2907.53247</Y>
				<Z>14.2013645</Z>
				<Pitch>0.348526388</Pitch>
				<Roll>-0.0419247411</Roll>
				<Yaw>-117.43985</Yaw>
			</PositionRotation>
			<Attachment isAttached="true">
				<AttachedTo>256595</AttachedTo>
				<BoneIndex>0</BoneIndex>
				<X>1.34999907</X>
				<Y>2.99999762</Y>
				<Z>0</Z>
				<Pitch>0</Pitch>
				<Roll>0</Roll>
				<Yaw>0</Yaw>
			</Attachment>
		</Attachment>
		<Attachment>
			<ModelHash>0x09dda7e0</ModelHash>
			<Type>3</Type>
			<Dynamic>false</Dynamic>
			<HashName>prop_mb_sandblock_02</HashName>
			<InitialHandle>740948</InitialHandle>
			<OpacityLevel>255</OpacityLevel>
			<LodDistance>16960</LodDistance>
			<IsVisible>true</IsVisible>
			<Health>1000</Health>
			<IsOnFire>false</IsOnFire>
			<IsInvincible>false</IsInvincible>
			<IsBulletProof>false</IsBulletProof>
			<IsCollisionProof>true</IsCollisionProof>
			<IsExplosionProof>false</IsExplosionProof>
			<IsFireProof>false</IsFireProof>
			<IsMeleeProof>false</IsMeleeProof>
			<IsOnlyDamagedByPlayer>false</IsOnlyDamagedByPlayer>
			<PositionRotation>
				<X>-1407.34973</X>
				<Y>-2905.07422</Y>
				<Z>14.199337</Z>
				<Pitch>0.348526537</Pitch>
				<Roll>-0.0419248641</Roll>
				<Yaw>-117.439835</Yaw>
			</PositionRotation>
			<Attachment isAttached="true">
				<AttachedTo>256595</AttachedTo>
				<BoneIndex>-1</BoneIndex>
				<X>-1.41996586</X>
				<Y>3.00008368</Y>
				<Z>-7.4505806e-007</Z>
				<Pitch>1.1920929e-007</Pitch>
				<Roll>-2.66882125e-008</Roll>
				<Yaw>1.52587891e-005</Yaw>
			</Attachment>
		</Attachment>
		<Attachment>
			<ModelHash>0x7b37c437</ModelHash>
			<Type>3</Type>
			<Dynamic>false</Dynamic>
			<HashName>prop_metal_plates01</HashName>
			<InitialHandle>769364</InitialHandle>
			<OpacityLevel>255</OpacityLevel>
			<LodDistance>16960</LodDistance>
			<IsVisible>true</IsVisible>
			<Health>1000</Health>
			<IsOnFire>false</IsOnFire>
			<IsInvincible>false</IsInvincible>
			<IsBulletProof>false</IsBulletProof>
			<IsCollisionProof>false</IsCollisionProof>
			<IsExplosionProof>false</IsExplosionProof>
			<IsFireProof>false</IsFireProof>
			<IsMeleeProof>false</IsMeleeProof>
			<IsOnlyDamagedByPlayer>false</IsOnlyDamagedByPlayer>
			<PositionRotation>
				<X>-1407.46899</X>
				<Y>-2905.81006</Y>
				<Z>16.9313259</Z>
				<Pitch>0.348526239</Pitch>
				<Roll>-0.0419248343</Roll>
				<Yaw>-117.439835</Yaw>
			</PositionRotation>
			<Attachment isAttached="true">
				<AttachedTo>256595</AttachedTo>
				<BoneIndex>0</BoneIndex>
				<X>-0.709973812</X>
				<Y>3.2500186</Y>
				<Z>2.72999835</Z>
				<Pitch>-1.1920929e-007</Pitch>
				<Roll>5.82076609e-011</Roll>
				<Yaw>1.52587891e-005</Yaw>
			</Attachment>
		</Attachment>
		<Attachment>
			<ModelHash>0x09dda7e0</ModelHash>
			<Type>3</Type>
			<Dynamic>false</Dynamic>
			<HashName>prop_mb_sandblock_02</HashName>
			<InitialHandle>783700</InitialHandle>
			<OpacityLevel>255</OpacityLevel>
			<LodDistance>16960</LodDistance>
			<IsVisible>true</IsVisible>
			<Health>1000</Health>
			<IsOnFire>false</IsOnFire>
			<IsInvincible>false</IsInvincible>
			<IsBulletProof>false</IsBulletProof>
			<IsCollisionProof>false</IsCollisionProof>
			<IsExplosionProof>false</IsExplosionProof>
			<IsFireProof>false</IsFireProof>
			<IsMeleeProof>false</IsMeleeProof>
			<IsOnlyDamagedByPlayer>false</IsOnlyDamagedByPlayer>
			<PositionRotation>
				<X>-1405.70972</X>
				<Y>-2907.52368</Y>
				<Z>16.7861423</Z>
				<Pitch>-0.0419239551</Pitch>
				<Roll>-0.348526448</Roll>
				<Yaw>-27.4401073</Yaw>
			</PositionRotation>
			<Attachment isAttached="true">
				<AttachedTo>256595</AttachedTo>
				<BoneIndex>0</BoneIndex>
				<X>0</X>
				<Y>5.60000134</Y>
				<Z>2.56999826</Z>
				<Pitch>0</Pitch>
				<Roll>0</Roll>
				<Yaw>90.0000076</Yaw>
			</Attachment>
		</Attachment>
		<Attachment>
			<ModelHash>0x09dda7e0</ModelHash>
			<Type>3</Type>
			<Dynamic>false</Dynamic>
			<HashName>prop_mb_sandblock_02</HashName>
			<InitialHandle>14677</InitialHandle>
			<OpacityLevel>255</OpacityLevel>
			<LodDistance>16960</LodDistance>
			<IsVisible>true</IsVisible>
			<Health>1000</Health>
			<IsOnFire>false</IsOnFire>
			<IsInvincible>false</IsInvincible>
			<IsBulletProof>false</IsBulletProof>
			<IsCollisionProof>false</IsCollisionProof>
			<IsExplosionProof>false</IsExplosionProof>
			<IsFireProof>false</IsFireProof>
			<IsMeleeProof>false</IsMeleeProof>
			<IsOnlyDamagedByPlayer>false</IsOnlyDamagedByPlayer>
			<PositionRotation>
				<X>-1405.70276</X>
				<Y>-2907.52832</Y>
				<Z>15.3861713</Z>
				<Pitch>-1.10685182</Pitch>
				<Roll>-1.4142803</Roll>
				<Yaw>-27.4465961</Yaw>
			</PositionRotation>
			<Attachment isAttached="true">
				<AttachedTo>256595</AttachedTo>
				<BoneIndex>0</BoneIndex>
				<X>3.63504187e-005</X>
				<Y>5.59997749</Y>
				<Z>1.17000043</Z>
				<Pitch>-1.06494796</Pitch>
				<Roll>-1.06568897</Roll>
				<Yaw>89.9999924</Yaw>
			</Attachment>
		</Attachment>
		<Attachment>
			<ModelHash>0x09dda7e0</ModelHash>
			<Type>3</Type>
			<Dynamic>false</Dynamic>
			<HashName>prop_mb_sandblock_02</HashName>
			<InitialHandle>113493</InitialHandle>
			<OpacityLevel>255</OpacityLevel>
			<LodDistance>16960</LodDistance>
			<IsVisible>true</IsVisible>
			<Health>1000</Health>
			<IsOnFire>false</IsOnFire>
			<IsInvincible>false</IsInvincible>
			<IsBulletProof>false</IsBulletProof>
			<IsCollisionProof>true</IsCollisionProof>
			<IsExplosionProof>false</IsExplosionProof>
			<IsFireProof>false</IsFireProof>
			<IsMeleeProof>false</IsMeleeProof>
			<IsOnlyDamagedByPlayer>false</IsOnlyDamagedByPlayer>
			<PositionRotation>
				<X>-1405.69666</X>
				<Y>-2907.53247</Y>
				<Z>14.1861925</Z>
				<Pitch>-2.17147565</Pitch>
				<Roll>-2.48035288</Roll>
				<Yaw>-27.4728813</Yaw>
			</PositionRotation>
			<Attachment isAttached="true">
				<AttachedTo>256595</AttachedTo>
				<BoneIndex>0</BoneIndex>
				<X>1.60788004e-005</X>
				<Y>5.59997082</Y>
				<Z>-0.029999733</Z>
				<Pitch>-2.12971115</Pitch>
				<Roll>-2.13156176</Roll>
				<Yaw>89.9801712</Yaw>
			</Attachment>
		</Attachment>
		<Attachment>
			<ModelHash>0x5c14edfa</ModelHash>
			<Type>1</Type>
			<Dynamic>true</Dynamic>
			<HashName>Stripper Lite</HashName>
			<InitialHandle>336725</InitialHandle>
			<PedProperties>
				<IsStill>true</IsStill>
				<HasShortHeight>false</HasShortHeight>
				<CurrentWeapon>0xa2719263</CurrentWeapon>
				<PedProps>
					<_0>-1,-1</_0>
					<_1>-1,-1</_1>
					<_2>-1,-1</_2>
					<_3>-1,-1</_3>
					<_4>-1,-1</_4>
					<_5>-1,-1</_5>
					<_6>-1,-1</_6>
					<_7>-1,-1</_7>
					<_8>-1,-1</_8>
					<_9>-1,-1</_9>
				</PedProps>
				<PedComps>
					<_0>0,1</_0>
					<_1>0,0</_1>
					<_2>0,1</_2>
					<_3>0,1</_3>
					<_4>0,1</_4>
					<_5>0,0</_5>
					<_6>0,0</_6>
					<_7>0,0</_7>
					<_8>1,0</_8>
					<_9>2,0</_9>
					<_10>0,0</_10>
					<_11>0,0</_11>
				</PedComps>
				<RelationshipGroupAltered>true</RelationshipGroupAltered>
				<RelationshipGroup>0x217b058e</RelationshipGroup>
				<ScenarioActive>false</ScenarioActive>
				<AnimActive>true</AnimActive>
				<AnimDict>switch@michael@sitting_on_car_bonnet</AnimDict>
				<AnimName>sitting_on_car_bonnet_loop</AnimName>
			</PedProperties>
			<OpacityLevel>255</OpacityLevel>
			<LodDistance>16960</LodDistance>
			<IsVisible>true</IsVisible>
			<Health>200</Health>
			<IsOnFire>false</IsOnFire>
			<IsInvincible>false</IsInvincible>
			<IsBulletProof>false</IsBulletProof>
			<IsCollisionProof>false</IsCollisionProof>
			<IsExplosionProof>false</IsExplosionProof>
			<IsFireProof>false</IsFireProof>
			<IsMeleeProof>false</IsMeleeProof>
			<IsOnlyDamagedByPlayer>false</IsOnlyDamagedByPlayer>
			<PositionRotation>
				<X>-1408.04553</X>
				<Y>-2905.08569</Y>
				<Z>18.178854</Z>
				<Pitch>0.324408054</Pitch>
				<Roll>0.134118974</Roll>
				<Yaw>-146.760788</Yaw>
			</PositionRotation>
			<Attachment isAttached="true">
				<AttachedTo>256595</AttachedTo>
				<BoneIndex>0</BoneIndex>
				<X>-1.08613658</X>
				<Y>2.41216588</Y>
				<Z>3.98292112</Z>
				<Pitch>22.4312592</Pitch>
				<Roll>225.667953</Roll>
				<Yaw>195.787857</Yaw>
			</Attachment>
		</Attachment>
		<Attachment>
			<ModelHash>0x48aa9b6e</ModelHash>
			<Type>3</Type>
			<Dynamic>false</Dynamic>
			<HashName>prop_snow_wall_light_15a</HashName>
			<InitialHandle>432754</InitialHandle>
			<OpacityLevel>255</OpacityLevel>
			<LodDistance>16960</LodDistance>
			<IsVisible>true</IsVisible>
			<Health>1000</Health>
			<IsOnFire>false</IsOnFire>
			<IsInvincible>false</IsInvincible>
			<IsBulletProof>false</IsBulletProof>
			<IsCollisionProof>false</IsCollisionProof>
			<IsExplosionProof>false</IsExplosionProof>
			<IsFireProof>false</IsFireProof>
			<IsMeleeProof>false</IsMeleeProof>
			<IsOnlyDamagedByPlayer>false</IsOnlyDamagedByPlayer>
			<PositionRotation>
				<X>-1405.45081</X>
				<Y>-2907.65698</Y>
				<Z>18.2179413</Z>
				<Pitch>0.348526388</Pitch>
				<Roll>-0.0419247411</Roll>
				<Yaw>-117.43985</Yaw>
			</PositionRotation>
			<Attachment isAttached="true">
				<AttachedTo>256595</AttachedTo>
				<BoneIndex>0</BoneIndex>
				<X>0</X>
				<Y>5.89999676</Y>
				<Z>3.99999857</Z>
				<Pitch>0</Pitch>
				<Roll>0</Roll>
				<Yaw>0</Yaw>
			</Attachment>
		</Attachment>
		<Attachment>
			<ModelHash>0x69e333e0</ModelHash>
			<Type>3</Type>
			<Dynamic>false</Dynamic>
			<HashName>prop_studio_light_02</HashName>
			<InitialHandle>723570</InitialHandle>
			<OpacityLevel>255</OpacityLevel>
			<LodDistance>16960</LodDistance>
			<IsVisible>true</IsVisible>
			<Health>1000</Health>
			<IsOnFire>false</IsOnFire>
			<IsInvincible>false</IsInvincible>
			<IsBulletProof>false</IsBulletProof>
			<IsCollisionProof>false</IsCollisionProof>
			<IsExplosionProof>false</IsExplosionProof>
			<IsFireProof>false</IsFireProof>
			<IsMeleeProof>false</IsMeleeProof>
			<IsOnlyDamagedByPlayer>false</IsOnlyDamagedByPlayer>
			<PositionRotation>
				<X>-1406.12781</X>
				<Y>-2905.50342</Y>
				<Z>17.1070595</Z>
				<Pitch>0.297179282</Pitch>
				<Roll>-0.186850399</Roll>
				<Yaw>-92.1394348</Yaw>
			</PositionRotation>
			<Attachment isAttached="true">
				<AttachedTo>256595</AttachedTo>
				<BoneIndex>0</BoneIndex>
				<X>-1.60000038</X>
				<Y>4.29999828</Y>
				<Z>2.89999962</Z>
				<Pitch>0</Pitch>
				<Roll>0</Roll>
				<Yaw>25.3000603</Yaw>
			</Attachment>
		</Attachment>
		<Attachment>
			<ModelHash>0x194fcaa5</ModelHash>
			<Type>3</Type>
			<Dynamic>false</Dynamic>
			<HashName>prop_warninglight_01</HashName>
			<InitialHandle>251763</InitialHandle>
			<OpacityLevel>255</OpacityLevel>
			<LodDistance>16960</LodDistance>
			<IsVisible>true</IsVisible>
			<Health>1000</Health>
			<IsOnFire>false</IsOnFire>
			<IsInvincible>false</IsInvincible>
			<IsBulletProof>false</IsBulletProof>
			<IsCollisionProof>false</IsCollisionProof>
			<IsExplosionProof>false</IsExplosionProof>
			<IsFireProof>false</IsFireProof>
			<IsMeleeProof>false</IsMeleeProof>
			<IsOnlyDamagedByPlayer>false</IsOnlyDamagedByPlayer>
			<PositionRotation>
				<X>-1410.11755</X>
				<Y>-2903.20654</Y>
				<Z>16.9789371</Z>
				<Pitch>0.348526388</Pitch>
				<Roll>-0.0419247411</Roll>
				<Yaw>-117.43985</Yaw>
			</PositionRotation>
			<Attachment isAttached="true">
				<AttachedTo>256595</AttachedTo>
				<BoneIndex>0</BoneIndex>
				<X>-1.80000043</X>
				<Y>-0.300000072</Y>
				<Z>2.80000353</Z>
				<Pitch>0</Pitch>
				<Roll>0</Roll>
				<Yaw>0</Yaw>
			</Attachment>
		</Attachment>
		<Attachment>
			<ModelHash>0x5c14edfa</ModelHash>
			<Type>1</Type>
			<Dynamic>true</Dynamic>
			<HashName>Stripper Lite</HashName>
			<InitialHandle>328277</InitialHandle>
			<PedProperties>
				<IsStill>true</IsStill>
				<HasShortHeight>false</HasShortHeight>
				<CurrentWeapon>0xa2719263</CurrentWeapon>
				<PedProps>
					<_0>-1,-1</_0>
					<_1>-1,-1</_1>
					<_2>-1,-1</_2>
					<_3>-1,-1</_3>
					<_4>-1,-1</_4>
					<_5>-1,-1</_5>
					<_6>-1,-1</_6>
					<_7>-1,-1</_7>
					<_8>-1,-1</_8>
					<_9>-1,-1</_9>
				</PedProps>
				<PedComps>
					<_0>0,0</_0>
					<_1>0,0</_1>
					<_2>0,0</_2>
					<_3>0,0</_3>
					<_4>0,0</_4>
					<_5>0,0</_5>
					<_6>0,0</_6>
					<_7>0,0</_7>
					<_8>0,0</_8>
					<_9>1,0</_9>
					<_10>0,0</_10>
					<_11>0,0</_11>
				</PedComps>
				<RelationshipGroupAltered>false</RelationshipGroupAltered>
				<RelationshipGroup>0xfade4843</RelationshipGroup>
				<ScenarioActive>false</ScenarioActive>
				<AnimActive>true</AnimActive>
				<AnimDict>timetable@trevor@smoking_meth@base</AnimDict>
				<AnimName>base</AnimName>
			</PedProperties>
			<OpacityLevel>255</OpacityLevel>
			<LodDistance>16960</LodDistance>
			<IsVisible>true</IsVisible>
			<Health>200</Health>
			<IsOnFire>false</IsOnFire>
			<IsInvincible>false</IsInvincible>
			<IsBulletProof>false</IsBulletProof>
			<IsCollisionProof>false</IsCollisionProof>
			<IsExplosionProof>false</IsExplosionProof>
			<IsFireProof>false</IsFireProof>
			<IsMeleeProof>false</IsMeleeProof>
			<IsOnlyDamagedByPlayer>false</IsOnlyDamagedByPlayer>
			<PositionRotation>
				<X>-1409.11646</X>
				<Y>-2904.73975</Y>
				<Z>17.7993069</Z>
				<Pitch>-0.0557605512</Pitch>
				<Roll>0.346581936</Roll>
				<Yaw>136.561157</Yaw>
			</PositionRotation>
			<Attachment isAttached="true">
				<AttachedTo>455939</AttachedTo>
				<BoneIndex>0</BoneIndex>
				<X>-0.0599999912</X>
				<Y>0.020000007</Y>
				<Z>0.849999309</Z>
				<Pitch>-7.3899951</Pitch>
				<Roll>-6.24999428</Roll>
				<Yaw>-99.749054</Yaw>
			</Attachment>
		</Attachment>
	</SpoonerAttachments>
</Vehicle>
