<?xml version="1.0"?>
<Vehicle menyoo_ver="0.999874b">
	<ModelHash>0xe5ba6858</ModelHash>
	<InitialHandle>93954</InitialHandle>
	<VehicleProperties>
		<Colours>
			<Primary>0</Primary>
			<Secondary>0</Secondary>
			<Pearl>0</Pearl>
			<Rim>0</Rim>
			<Mod1_a>6</Mod1_a>
			<Mod1_b>-1</Mod1_b>
			<Mod1_c>-1</Mod1_c>
			<Mod2_a>6</Mod2_a>
			<Mod2_b>-1</Mod2_b>
			<IsPrimaryColourCustom>false</IsPrimaryColourCustom>
			<IsSecondaryColourCustom>false</IsSecondaryColourCustom>
			<tyreSmoke_R>255</tyreSmoke_R>
			<tyreSmoke_G>255</tyreSmoke_G>
			<tyreSmoke_B>255</tyreSmoke_B>
			<LrInterior>0</LrInterior>
			<LrDashboard>0</LrDashboard>
		</Colours>
		<Livery>-1</Livery>
		<NumberPlateText />
		<NumberPlateIndex>1</NumberPlateIndex>
		<WheelType>8</WheelType>
		<WheelsInvisible>false</WheelsInvisible>
		<EngineSoundName />
		<WindowTint>-1</WindowTint>
		<BulletProofTyres>true</BulletProofTyres>
		<DirtLevel>0.0325014554</DirtLevel>
		<PaintFade>0.298039228</PaintFade>
		<RoofState>0</RoofState>
		<SirenActive>false</SirenActive>
		<EngineOn>true</EngineOn>
		<EngineHealth>1250</EngineHealth>
		<LightsOn>true</LightsOn>
		<IsRadioLoud>0</IsRadioLoud>
		<Neons>
			<Left>false</Left>
			<Right>false</Right>
			<Front>false</Front>
			<Back>false</Back>
			<R>255</R>
			<G>0</G>
			<B>255</B>
		</Neons>
		<ModExtras />
		<Mods>
			<_0>-1,0</_0>
			<_1>-1,0</_1>
			<_2>1,0</_2>
			<_3>2,0</_3>
			<_4>3,0</_4>
			<_5>0,0</_5>
			<_6>0,0</_6>
			<_7>-1,0</_7>
			<_8>0,0</_8>
			<_9>2,0</_9>
			<_10>-1,0</_10>
			<_11>3,0</_11>
			<_12>2,0</_12>
			<_13>2,0</_13>
			<_14>-1,0</_14>
			<_15>-1,0</_15>
			<_16>-1,0</_16>
			<_17>false</_17>
			<_18>true</_18>
			<_19>false</_19>
			<_20>false</_20>
			<_21>false</_21>
			<_22>true</_22>
			<_23>13,0</_23>
			<_24>-1,0</_24>
			<_25>-1,0</_25>
			<_26>-1,0</_26>
			<_27>-1,0</_27>
			<_28>-1,0</_28>
			<_29>-1,0</_29>
			<_30>-1,0</_30>
			<_31>-1,0</_31>
			<_32>-1,0</_32>
			<_33>-1,0</_33>
			<_34>-1,0</_34>
			<_35>-1,0</_35>
			<_36>-1,0</_36>
			<_37>-1,0</_37>
			<_38>-1,0</_38>
			<_39>-1,0</_39>
			<_40>-1,0</_40>
			<_41>-1,0</_41>
			<_42>-1,0</_42>
			<_43>-1,0</_43>
			<_44>-1,0</_44>
			<_45>-1,0</_45>
			<_46>-1,0</_46>
			<_47>-1,0</_47>
			<_48>-1,0</_48>
		</Mods>
		<DoorsOpen>
			<BackLeftDoor>false</BackLeftDoor>
			<BackRightDoor>false</BackRightDoor>
			<FrontLeftDoor>false</FrontLeftDoor>
			<FrontRightDoor>false</FrontRightDoor>
			<Hood>false</Hood>
			<Trunk>false</Trunk>
			<Trunk2>false</Trunk2>
		</DoorsOpen>
		<DoorsBroken>
			<BackLeftDoor>false</BackLeftDoor>
			<BackRightDoor>false</BackRightDoor>
			<FrontLeftDoor>false</FrontLeftDoor>
			<FrontRightDoor>false</FrontRightDoor>
			<Hood>false</Hood>
			<Trunk>false</Trunk>
			<Trunk2>false</Trunk2>
		</DoorsBroken>
		<TyresBursted>
			<FrontLeft>false</FrontLeft>
			<FrontRight>false</FrontRight>
			<_2>false</_2>
			<_3>false</_3>
			<BackLeft>false</BackLeft>
			<BackRight>false</BackRight>
			<_6>false</_6>
			<_7>false</_7>
			<_8>false</_8>
		</TyresBursted>
		<RpmMultiplier>1</RpmMultiplier>
		<TorqueMultiplier>1</TorqueMultiplier>
		<HeadlightIntensity>1</HeadlightIntensity>
	</VehicleProperties>
	<OpacityLevel>255</OpacityLevel>
	<LodDistance>16960</LodDistance>
	<IsVisible>true</IsVisible>
	<IsDriverVisible>true</IsDriverVisible>
	<MaxHealth>1000</MaxHealth>
	<Health>1000</Health>
	<HasGravity>true</HasGravity>
	<IsOnFire>false</IsOnFire>
	<IsInvincible>true</IsInvincible>
	<IsBulletProof>true</IsBulletProof>
	<IsExplosionProof>true</IsExplosionProof>
	<IsFireProof>false</IsFireProof>
	<IsMeleeProof>true</IsMeleeProof>
	<IsOnlyDamagedByPlayer>false</IsOnlyDamagedByPlayer>
	<SpoonerAttachments SetAttachmentsPersistentAndAddToSpoonerDatabase="false" StartTaskSequencesOnLoad="true">
		<Attachment>
			<ModelHash>0xd3edbc71</ModelHash>
			<Type>3</Type>
			<Dynamic>false</Dynamic>
			<FrozenPos>true</FrozenPos>
			<HashName>w_mg_combatmg</HashName>
			<InitialHandle>312066</InitialHandle>
			<ObjectProperties>
				<TextureVariation>0</TextureVariation>
			</ObjectProperties>
			<OpacityLevel>255</OpacityLevel>
			<LodDistance>16960</LodDistance>
			<IsVisible>true</IsVisible>
			<MaxHealth>1000</MaxHealth>
			<Health>1000</Health>
			<HasGravity>true</HasGravity>
			<IsOnFire>false</IsOnFire>
			<IsInvincible>false</IsInvincible>
			<IsBulletProof>false</IsBulletProof>
			<IsCollisionProof>false</IsCollisionProof>
			<IsExplosionProof>false</IsExplosionProof>
			<IsFireProof>false</IsFireProof>
			<IsMeleeProof>false</IsMeleeProof>
			<IsOnlyDamagedByPlayer>false</IsOnlyDamagedByPlayer>
			<PositionRotation>
				<X>-1044.5575</X>
				<Y>-2057.05542</Y>
				<Z>13.0060501</Z>
				<Pitch>-0.0509141535</Pitch>
				<Roll>0.744444251</Roll>
				<Yaw>-31.83288</Yaw>
			</PositionRotation>
			<Attachment isAttached="true">
				<AttachedTo>93954</AttachedTo>
				<BoneIndex>0</BoneIndex>
				<X>0.099999994</X>
				<Y>0.49999997</Y>
				<Z>0.499999911</Z>
				<Pitch>0</Pitch>
				<Roll>0</Roll>
				<Yaw>89.9999924</Yaw>
			</Attachment>
		</Attachment>
		<Attachment>
			<ModelHash>0xd3edbc71</ModelHash>
			<Type>3</Type>
			<Dynamic>false</Dynamic>
			<FrozenPos>true</FrozenPos>
			<HashName>w_mg_combatmg</HashName>
			<InitialHandle>313858</InitialHandle>
			<ObjectProperties>
				<TextureVariation>0</TextureVariation>
			</ObjectProperties>
			<OpacityLevel>255</OpacityLevel>
			<LodDistance>16960</LodDistance>
			<IsVisible>true</IsVisible>
			<MaxHealth>1000</MaxHealth>
			<Health>1000</Health>
			<HasGravity>true</HasGravity>
			<IsOnFire>false</IsOnFire>
			<IsInvincible>false</IsInvincible>
			<IsBulletProof>false</IsBulletProof>
			<IsCollisionProof>false</IsCollisionProof>
			<IsExplosionProof>false</IsExplosionProof>
			<IsFireProof>false</IsFireProof>
			<IsMeleeProof>false</IsMeleeProof>
			<IsOnlyDamagedByPlayer>false</IsOnlyDamagedByPlayer>
			<PositionRotation>
				<X>-1044.45203</X>
				<Y>-2056.8855</Y>
				<Z>13.0058718</Z>
				<Pitch>-0.0509141535</Pitch>
				<Roll>0.744444251</Roll>
				<Yaw>-31.83288</Yaw>
			</PositionRotation>
			<Attachment isAttached="true">
				<AttachedTo>93954</AttachedTo>
				<BoneIndex>0</BoneIndex>
				<X>-0.099999994</X>
				<Y>0.49999997</Y>
				<Z>0.499999911</Z>
				<Pitch>0</Pitch>
				<Roll>0</Roll>
				<Yaw>89.9999924</Yaw>
			</Attachment>
		</Attachment>
		<Attachment>
			<ModelHash>0xede01c9b</ModelHash>
			<Type>3</Type>
			<Dynamic>false</Dynamic>
			<FrozenPos>true</FrozenPos>
			<HashName>v_ind_cf_crate2</HashName>
			<InitialHandle>600067</InitialHandle>
			<ObjectProperties>
				<TextureVariation>0</TextureVariation>
			</ObjectProperties>
			<OpacityLevel>255</OpacityLevel>
			<LodDistance>16960</LodDistance>
			<IsVisible>true</IsVisible>
			<MaxHealth>1000</MaxHealth>
			<Health>1000</Health>
			<HasGravity>true</HasGravity>
			<IsOnFire>false</IsOnFire>
			<IsInvincible>false</IsInvincible>
			<IsBulletProof>false</IsBulletProof>
			<IsCollisionProof>false</IsCollisionProof>
			<IsExplosionProof>false</IsExplosionProof>
			<IsFireProof>false</IsFireProof>
			<IsMeleeProof>false</IsMeleeProof>
			<IsOnlyDamagedByPlayer>false</IsOnlyDamagedByPlayer>
			<PositionRotation>
				<X>-1045.5249</X>
				<Y>-2056.33716</Y>
				<Z>12.9615574</Z>
				<Pitch>0.0509126596</Pitch>
				<Roll>-11.5444479</Roll>
				<Yaw>148.16713</Yaw>
			</PositionRotation>
			<Attachment isAttached="true">
				<AttachedTo>93954</AttachedTo>
				<BoneIndex>0</BoneIndex>
				<X>0</X>
				<Y>-0.700000048</Y>
				<Z>0.440000057</Z>
				<Pitch>2.98023224e-08</Pitch>
				<Roll>-10.800005</Roll>
				<Yaw>-89.9999924</Yaw>
			</Attachment>
		</Attachment>
		<Attachment>
			<ModelHash>0x1152354b</ModelHash>
			<Type>3</Type>
			<Dynamic>false</Dynamic>
			<FrozenPos>true</FrozenPos>
			<HashName>w_ex_grenadefrag</HashName>
			<InitialHandle>679175</InitialHandle>
			<ObjectProperties>
				<TextureVariation>0</TextureVariation>
			</ObjectProperties>
			<OpacityLevel>255</OpacityLevel>
			<LodDistance>16960</LodDistance>
			<IsVisible>true</IsVisible>
			<MaxHealth>1000</MaxHealth>
			<Health>1000</Health>
			<HasGravity>true</HasGravity>
			<IsOnFire>false</IsOnFire>
			<IsInvincible>false</IsInvincible>
			<IsBulletProof>false</IsBulletProof>
			<IsCollisionProof>false</IsCollisionProof>
			<IsExplosionProof>false</IsExplosionProof>
			<IsFireProof>false</IsFireProof>
			<IsMeleeProof>false</IsMeleeProof>
			<IsOnlyDamagedByPlayer>false</IsOnlyDamagedByPlayer>
			<PositionRotation>
				<X>-1045.72083</X>
				<Y>-2056.33301</Y>
				<Z>13.0738459</Z>
				<Pitch>-9.74443722</Pitch>
				<Roll>-0.051659245</Roll>
				<Yaw>-121.841606</Yaw>
			</PositionRotation>
			<Attachment isAttached="true">
				<AttachedTo>93954</AttachedTo>
				<BoneIndex>0</BoneIndex>
				<X>0.0999999568</X>
				<Y>-0.869999886</Y>
				<Z>0.550000072</Z>
				<Pitch>-8.99999809</Pitch>
				<Roll>0</Roll>
				<Yaw>0</Yaw>
			</Attachment>
		</Attachment>
		<Attachment>
			<ModelHash>0x5edd1fda</ModelHash>
			<Type>3</Type>
			<Dynamic>false</Dynamic>
			<FrozenPos>true</FrozenPos>
			<HashName>w_ex_grenadesmoke</HashName>
			<InitialHandle>30472</InitialHandle>
			<ObjectProperties>
				<TextureVariation>0</TextureVariation>
			</ObjectProperties>
			<OpacityLevel>255</OpacityLevel>
			<LodDistance>16960</LodDistance>
			<IsVisible>true</IsVisible>
			<MaxHealth>1000</MaxHealth>
			<Health>1000</Health>
			<HasGravity>true</HasGravity>
			<IsOnFire>false</IsOnFire>
			<IsInvincible>false</IsInvincible>
			<IsBulletProof>false</IsBulletProof>
			<IsCollisionProof>false</IsCollisionProof>
			<IsExplosionProof>false</IsExplosionProof>
			<IsFireProof>false</IsFireProof>
			<IsMeleeProof>false</IsMeleeProof>
			<IsOnlyDamagedByPlayer>false</IsOnlyDamagedByPlayer>
			<PositionRotation>
				<X>-1045.48218</X>
				<Y>-2056.08105</Y>
				<Z>13.0526352</Z>
				<Pitch>-89.2542725</Pitch>
				<Roll>127.911636</Roll>
				<Yaw>62.0784378</Yaw>
			</PositionRotation>
			<Attachment isAttached="true">
				<AttachedTo>93954</AttachedTo>
				<BoneIndex>0</BoneIndex>
				<X>-0.23999998</X>
				<Y>-0.800000072</Y>
				<Z>0.530000031</Z>
				<Pitch>-89.9999924</Pitch>
				<Roll>11.999999</Roll>
				<Yaw>67.9999924</Yaw>
			</Attachment>
		</Attachment>
		<Attachment>
			<ModelHash>0x5edd1fda</ModelHash>
			<Type>3</Type>
			<Dynamic>false</Dynamic>
			<FrozenPos>true</FrozenPos>
			<HashName>w_ex_grenadesmoke</HashName>
			<InitialHandle>420875</InitialHandle>
			<ObjectProperties>
				<TextureVariation>0</TextureVariation>
			</ObjectProperties>
			<OpacityLevel>255</OpacityLevel>
			<LodDistance>16960</LodDistance>
			<IsVisible>true</IsVisible>
			<MaxHealth>1000</MaxHealth>
			<Health>1000</Health>
			<HasGravity>true</HasGravity>
			<IsOnFire>false</IsOnFire>
			<IsInvincible>false</IsInvincible>
			<IsBulletProof>false</IsBulletProof>
			<IsCollisionProof>false</IsCollisionProof>
			<IsExplosionProof>false</IsExplosionProof>
			<IsFireProof>false</IsFireProof>
			<IsMeleeProof>false</IsMeleeProof>
			<IsOnlyDamagedByPlayer>false</IsOnlyDamagedByPlayer>
			<PositionRotation>
				<X>-1045.53491</X>
				<Y>-2056.16602</Y>
				<Z>13.0527248</Z>
				<Pitch>-89.2542725</Pitch>
				<Roll>127.911636</Roll>
				<Yaw>62.0784378</Yaw>
			</PositionRotation>
			<Attachment isAttached="true">
				<AttachedTo>93954</AttachedTo>
				<BoneIndex>0</BoneIndex>
				<X>-0.139999986</X>
				<Y>-0.800000072</Y>
				<Z>0.530000031</Z>
				<Pitch>-89.9999924</Pitch>
				<Roll>11.999999</Roll>
				<Yaw>67.9999924</Yaw>
			</Attachment>
		</Attachment>
		<Attachment>
			<ModelHash>0x5edd1fda</ModelHash>
			<Type>3</Type>
			<Dynamic>false</Dynamic>
			<FrozenPos>true</FrozenPos>
			<HashName>w_ex_grenadesmoke</HashName>
			<InitialHandle>677899</InitialHandle>
			<ObjectProperties>
				<TextureVariation>0</TextureVariation>
			</ObjectProperties>
			<OpacityLevel>255</OpacityLevel>
			<LodDistance>16960</LodDistance>
			<IsVisible>true</IsVisible>
			<MaxHealth>1000</MaxHealth>
			<Health>1000</Health>
			<HasGravity>true</HasGravity>
			<IsOnFire>false</IsOnFire>
			<IsInvincible>false</IsInvincible>
			<IsBulletProof>false</IsBulletProof>
			<IsCollisionProof>false</IsCollisionProof>
			<IsExplosionProof>false</IsExplosionProof>
			<IsFireProof>false</IsFireProof>
			<IsMeleeProof>false</IsMeleeProof>
			<IsOnlyDamagedByPlayer>false</IsOnlyDamagedByPlayer>
			<PositionRotation>
				<X>-1045.58777</X>
				<Y>-2056.25098</Y>
				<Z>13.0528135</Z>
				<Pitch>-89.2542725</Pitch>
				<Roll>127.911636</Roll>
				<Yaw>62.0784378</Yaw>
			</PositionRotation>
			<Attachment isAttached="true">
				<AttachedTo>93954</AttachedTo>
				<BoneIndex>0</BoneIndex>
				<X>-0.0399999917</X>
				<Y>-0.800000072</Y>
				<Z>0.530000031</Z>
				<Pitch>-89.9999924</Pitch>
				<Roll>11.999999</Roll>
				<Yaw>67.9999924</Yaw>
			</Attachment>
		</Attachment>
		<Attachment>
			<ModelHash>0x5edd1fda</ModelHash>
			<Type>3</Type>
			<Dynamic>false</Dynamic>
			<FrozenPos>true</FrozenPos>
			<HashName>w_ex_grenadesmoke</HashName>
			<InitialHandle>109324</InitialHandle>
			<ObjectProperties>
				<TextureVariation>0</TextureVariation>
			</ObjectProperties>
			<OpacityLevel>255</OpacityLevel>
			<LodDistance>16960</LodDistance>
			<IsVisible>true</IsVisible>
			<MaxHealth>1000</MaxHealth>
			<Health>1000</Health>
			<HasGravity>true</HasGravity>
			<IsOnFire>false</IsOnFire>
			<IsInvincible>false</IsInvincible>
			<IsBulletProof>false</IsBulletProof>
			<IsCollisionProof>false</IsCollisionProof>
			<IsExplosionProof>false</IsExplosionProof>
			<IsFireProof>false</IsFireProof>
			<IsMeleeProof>false</IsMeleeProof>
			<IsOnlyDamagedByPlayer>false</IsOnlyDamagedByPlayer>
			<PositionRotation>
				<X>-1045.604</X>
				<Y>-2056.24072</Y>
				<Z>13.1130676</Z>
				<Pitch>-59.5761032</Pitch>
				<Roll>13.2203941</Roll>
				<Yaw>7.22142887</Yaw>
			</PositionRotation>
			<Attachment isAttached="true">
				<AttachedTo>93954</AttachedTo>
				<BoneIndex>0</BoneIndex>
				<X>-0.0399999917</X>
				<Y>-0.819999933</Y>
				<Z>0.589999974</Z>
				<Pitch>-59.9999924</Pitch>
				<Roll>11.999999</Roll>
				<Yaw>127.999992</Yaw>
			</Attachment>
		</Attachment>
		<Attachment>
			<ModelHash>0x5edd1fda</ModelHash>
			<Type>3</Type>
			<Dynamic>false</Dynamic>
			<FrozenPos>true</FrozenPos>
			<HashName>w_ex_grenadesmoke</HashName>
			<InitialHandle>297230</InitialHandle>
			<ObjectProperties>
				<TextureVariation>118</TextureVariation>
			</ObjectProperties>
			<OpacityLevel>255</OpacityLevel>
			<LodDistance>16960</LodDistance>
			<IsVisible>true</IsVisible>
			<MaxHealth>1000</MaxHealth>
			<Health>1000</Health>
			<HasGravity>true</HasGravity>
			<IsOnFire>false</IsOnFire>
			<IsInvincible>false</IsInvincible>
			<IsBulletProof>false</IsBulletProof>
			<IsCollisionProof>false</IsCollisionProof>
			<IsExplosionProof>false</IsExplosionProof>
			<IsFireProof>false</IsFireProof>
			<IsMeleeProof>false</IsMeleeProof>
			<IsOnlyDamagedByPlayer>false</IsOnlyDamagedByPlayer>
			<PositionRotation>
				<X>-1045.50574</X>
				<Y>-2056.10156</Y>
				<Z>13.1227865</Z>
				<Pitch>-89.2545319</Pitch>
				<Roll>97.9115601</Roll>
				<Yaw>62.0783501</Yaw>
			</PositionRotation>
			<Attachment isAttached="true">
				<AttachedTo>93954</AttachedTo>
				<BoneIndex>-1</BoneIndex>
				<X>-0.210000023</X>
				<Y>-0.809999943</Y>
				<Z>0.599999905</Z>
				<Pitch>-89.9999924</Pitch>
				<Roll>11.999999</Roll>
				<Yaw>97.9999847</Yaw>
			</Attachment>
		</Attachment>
		<Attachment>
			<ModelHash>0x1152354b</ModelHash>
			<Type>3</Type>
			<Dynamic>false</Dynamic>
			<FrozenPos>true</FrozenPos>
			<HashName>w_ex_grenadefrag</HashName>
			<InitialHandle>362005</InitialHandle>
			<ObjectProperties>
				<TextureVariation>0</TextureVariation>
			</ObjectProperties>
			<OpacityLevel>255</OpacityLevel>
			<LodDistance>16960</LodDistance>
			<IsVisible>true</IsVisible>
			<MaxHealth>1000</MaxHealth>
			<Health>1000</Health>
			<HasGravity>true</HasGravity>
			<IsOnFire>false</IsOnFire>
			<IsInvincible>false</IsInvincible>
			<IsBulletProof>false</IsBulletProof>
			<IsCollisionProof>false</IsCollisionProof>
			<IsExplosionProof>false</IsExplosionProof>
			<IsFireProof>false</IsFireProof>
			<IsMeleeProof>false</IsMeleeProof>
			<IsOnlyDamagedByPlayer>false</IsOnlyDamagedByPlayer>
			<PositionRotation>
				<X>-1045.52039</X>
				<Y>-2056.01025</Y>
				<Z>13.0735083</Z>
				<Pitch>-9.74443722</Pitch>
				<Roll>-0.051659245</Roll>
				<Yaw>-121.841606</Yaw>
			</PositionRotation>
			<Attachment isAttached="true">
				<AttachedTo>93954</AttachedTo>
				<BoneIndex>0</BoneIndex>
				<X>-0.280000031</X>
				<Y>-0.869999886</Y>
				<Z>0.550000072</Z>
				<Pitch>-8.99999809</Pitch>
				<Roll>0</Roll>
				<Yaw>0</Yaw>
			</Attachment>
		</Attachment>
		<Attachment>
			<ModelHash>0x1152354b</ModelHash>
			<Type>3</Type>
			<Dynamic>false</Dynamic>
			<FrozenPos>true</FrozenPos>
			<HashName>w_ex_grenadefrag</HashName>
			<InitialHandle>134167</InitialHandle>
			<ObjectProperties>
				<TextureVariation>0</TextureVariation>
			</ObjectProperties>
			<OpacityLevel>255</OpacityLevel>
			<LodDistance>16960</LodDistance>
			<IsVisible>true</IsVisible>
			<MaxHealth>1000</MaxHealth>
			<Health>1000</Health>
			<HasGravity>true</HasGravity>
			<IsOnFire>false</IsOnFire>
			<IsInvincible>false</IsInvincible>
			<IsBulletProof>false</IsBulletProof>
			<IsCollisionProof>false</IsCollisionProof>
			<IsExplosionProof>false</IsExplosionProof>
			<IsFireProof>false</IsFireProof>
			<IsMeleeProof>false</IsMeleeProof>
			<IsOnlyDamagedByPlayer>false</IsOnlyDamagedByPlayer>
			<PositionRotation>
				<X>-1045.76294</X>
				<Y>-2056.40112</Y>
				<Z>13.0739164</Z>
				<Pitch>-8.46366596</Pitch>
				<Roll>-0.524870574</Roll>
				<Yaw>106.08712</Yaw>
			</PositionRotation>
			<Attachment isAttached="true">
				<AttachedTo>93954</AttachedTo>
				<BoneIndex>0</BoneIndex>
				<X>0.179999948</X>
				<Y>-0.869999886</Y>
				<Z>0.550000072</Z>
				<Pitch>-8.99999809</Pitch>
				<Roll>0</Roll>
				<Yaw>-131.999985</Yaw>
			</Attachment>
		</Attachment>
		<Attachment>
			<ModelHash>0x1152354b</ModelHash>
			<Type>3</Type>
			<Dynamic>false</Dynamic>
			<FrozenPos>true</FrozenPos>
			<HashName>w_ex_grenadefrag</HashName>
			<InitialHandle>757527</InitialHandle>
			<ObjectProperties>
				<TextureVariation>0</TextureVariation>
			</ObjectProperties>
			<OpacityLevel>255</OpacityLevel>
			<LodDistance>16960</LodDistance>
			<IsVisible>true</IsVisible>
			<MaxHealth>1000</MaxHealth>
			<Health>1000</Health>
			<HasGravity>true</HasGravity>
			<IsOnFire>false</IsOnFire>
			<IsInvincible>false</IsInvincible>
			<IsBulletProof>false</IsBulletProof>
			<IsCollisionProof>false</IsCollisionProof>
			<IsExplosionProof>false</IsExplosionProof>
			<IsFireProof>false</IsFireProof>
			<IsMeleeProof>false</IsMeleeProof>
			<IsOnlyDamagedByPlayer>false</IsOnlyDamagedByPlayer>
			<PositionRotation>
				<X>-1045.67847</X>
				<Y>-2056.35938</Y>
				<Z>13.0631971</Z>
				<Pitch>-8.46366596</Pitch>
				<Roll>-0.524870574</Roll>
				<Yaw>106.08712</Yaw>
			</PositionRotation>
			<Attachment isAttached="true">
				<AttachedTo>93954</AttachedTo>
				<BoneIndex>0</BoneIndex>
				<X>0.099999927</X>
				<Y>-0.819999933</Y>
				<Z>0.540000081</Z>
				<Pitch>-8.99999809</Pitch>
				<Roll>0</Roll>
				<Yaw>-131.999985</Yaw>
			</Attachment>
		</Attachment>
		<Attachment>
			<ModelHash>0x50685513</ModelHash>
			<Type>3</Type>
			<Dynamic>false</Dynamic>
			<FrozenPos>true</FrozenPos>
			<HashName>w_pi_flaregun</HashName>
			<InitialHandle>192793</InitialHandle>
			<ObjectProperties>
				<TextureVariation>0</TextureVariation>
			</ObjectProperties>
			<OpacityLevel>255</OpacityLevel>
			<LodDistance>16960</LodDistance>
			<IsVisible>true</IsVisible>
			<MaxHealth>1000</MaxHealth>
			<Health>1000</Health>
			<HasGravity>true</HasGravity>
			<IsOnFire>false</IsOnFire>
			<IsInvincible>false</IsInvincible>
			<IsBulletProof>false</IsBulletProof>
			<IsCollisionProof>false</IsCollisionProof>
			<IsExplosionProof>false</IsExplosionProof>
			<IsFireProof>false</IsFireProof>
			<IsMeleeProof>false</IsMeleeProof>
			<IsOnlyDamagedByPlayer>false</IsOnlyDamagedByPlayer>
			<PositionRotation>
				<X>-1045.36804</X>
				<Y>-2056.19897</Y>
				<Z>12.9905977</Z>
				<Pitch>-89.2540131</Pitch>
				<Roll>154.912598</Roll>
				<Yaw>62.0794029</Yaw>
			</PositionRotation>
			<Attachment isAttached="true">
				<AttachedTo>93954</AttachedTo>
				<BoneIndex>0</BoneIndex>
				<X>-0.199999988</X>
				<Y>-0.639999866</Y>
				<Z>0.470000088</Z>
				<Pitch>-90</Pitch>
				<Roll>-8.99999905</Roll>
				<Yaw>19.9999981</Yaw>
			</Attachment>
		</Attachment>
		<Attachment>
			<ModelHash>0x692eb8a1</ModelHash>
			<Type>3</Type>
			<Dynamic>false</Dynamic>
			<FrozenPos>true</FrozenPos>
			<HashName>prop_bomb_01_s</HashName>
			<InitialHandle>473628</InitialHandle>
			<ObjectProperties>
				<TextureVariation>0</TextureVariation>
			</ObjectProperties>
			<OpacityLevel>255</OpacityLevel>
			<LodDistance>16960</LodDistance>
			<IsVisible>true</IsVisible>
			<MaxHealth>1000</MaxHealth>
			<Health>1000</Health>
			<HasGravity>true</HasGravity>
			<IsOnFire>false</IsOnFire>
			<IsInvincible>false</IsInvincible>
			<IsBulletProof>false</IsBulletProof>
			<IsCollisionProof>false</IsCollisionProof>
			<IsExplosionProof>false</IsExplosionProof>
			<IsFireProof>false</IsFireProof>
			<IsMeleeProof>false</IsMeleeProof>
			<IsOnlyDamagedByPlayer>false</IsOnlyDamagedByPlayer>
			<PositionRotation>
				<X>-1045.37488</X>
				<Y>-2056.07715</Y>
				<Z>12.9814186</Z>
				<Pitch>-75.2555084</Pitch>
				<Roll>-179.799942</Roll>
				<Yaw>58.3605957</Yaw>
			</PositionRotation>
			<Attachment isAttached="true">
				<AttachedTo>93954</AttachedTo>
				<BoneIndex>0</BoneIndex>
				<X>-0.299999982</X>
				<Y>-0.7099998</Y>
				<Z>0.460000008</Z>
				<Pitch>-103.999992</Pitch>
				<Roll>5.96046448e-08</Roll>
				<Yaw>0</Yaw>
			</Attachment>
		</Attachment>
		<Attachment>
			<ModelHash>0x692eb8a1</ModelHash>
			<Type>3</Type>
			<Dynamic>false</Dynamic>
			<FrozenPos>true</FrozenPos>
			<HashName>prop_bomb_01_s</HashName>
			<InitialHandle>329249</InitialHandle>
			<ObjectProperties>
				<TextureVariation>0</TextureVariation>
			</ObjectProperties>
			<OpacityLevel>255</OpacityLevel>
			<LodDistance>16960</LodDistance>
			<IsVisible>true</IsVisible>
			<MaxHealth>1000</MaxHealth>
			<Health>1000</Health>
			<HasGravity>true</HasGravity>
			<IsOnFire>false</IsOnFire>
			<IsInvincible>false</IsInvincible>
			<IsBulletProof>false</IsBulletProof>
			<IsCollisionProof>false</IsCollisionProof>
			<IsExplosionProof>false</IsExplosionProof>
			<IsFireProof>false</IsFireProof>
			<IsMeleeProof>false</IsMeleeProof>
			<IsOnlyDamagedByPlayer>false</IsOnlyDamagedByPlayer>
			<PositionRotation>
				<X>-1045.28491</X>
				<Y>-2056.13306</Y>
				<Z>12.9800415</Z>
				<Pitch>-54.2555389</Pitch>
				<Roll>-179.912827</Roll>
				<Yaw>58.2378769</Yaw>
			</PositionRotation>
			<Attachment isAttached="true">
				<AttachedTo>93954</AttachedTo>
				<BoneIndex>0</BoneIndex>
				<X>-0.299999982</X>
				<Y>-0.603999853</Y>
				<Z>0.460000008</Z>
				<Pitch>-124.999992</Pitch>
				<Roll>5.96046448e-08</Roll>
				<Yaw>0</Yaw>
			</Attachment>
		</Attachment>
		<Attachment>
			<ModelHash>0x1a92716c</ModelHash>
			<Type>3</Type>
			<Dynamic>false</Dynamic>
			<FrozenPos>true</FrozenPos>
			<HashName>prop_flare_01b</HashName>
			<InitialHandle>766501</InitialHandle>
			<ObjectProperties>
				<TextureVariation>0</TextureVariation>
			</ObjectProperties>
			<OpacityLevel>255</OpacityLevel>
			<LodDistance>16960</LodDistance>
			<IsVisible>true</IsVisible>
			<MaxHealth>1000</MaxHealth>
			<Health>1000</Health>
			<HasGravity>true</HasGravity>
			<IsOnFire>false</IsOnFire>
			<IsInvincible>false</IsInvincible>
			<IsBulletProof>false</IsBulletProof>
			<IsCollisionProof>false</IsCollisionProof>
			<IsExplosionProof>false</IsExplosionProof>
			<IsFireProof>false</IsFireProof>
			<IsMeleeProof>false</IsMeleeProof>
			<IsOnlyDamagedByPlayer>false</IsOnlyDamagedByPlayer>
			<PositionRotation>
				<X>-1045.41028</X>
				<Y>-2056.26709</Y>
				<Z>12.9906693</Z>
				<Pitch>8.60500145</Pitch>
				<Roll>9.64060783</Roll>
				<Yaw>-59.9312325</Yaw>
			</PositionRotation>
			<Attachment isAttached="true">
				<AttachedTo>93954</AttachedTo>
				<BoneIndex>0</BoneIndex>
				<X>-0.120000035</X>
				<Y>-0.639999986</Y>
				<Z>0.470000207</Z>
				<Pitch>9.00000095</Pitch>
				<Roll>9.00000095</Roll>
				<Yaw>62.0000038</Yaw>
			</Attachment>
		</Attachment>
		<Attachment>
			<ModelHash>0x6de6824f</ModelHash>
			<Type>3</Type>
			<Dynamic>false</Dynamic>
			<FrozenPos>true</FrozenPos>
			<HashName>prop_box_ammo01a</HashName>
			<InitialHandle>90668</InitialHandle>
			<ObjectProperties>
				<TextureVariation>0</TextureVariation>
			</ObjectProperties>
			<OpacityLevel>255</OpacityLevel>
			<LodDistance>16960</LodDistance>
			<IsVisible>true</IsVisible>
			<MaxHealth>1000</MaxHealth>
			<Health>1000</Health>
			<HasGravity>true</HasGravity>
			<IsOnFire>false</IsOnFire>
			<IsInvincible>false</IsInvincible>
			<IsBulletProof>false</IsBulletProof>
			<IsCollisionProof>false</IsCollisionProof>
			<IsExplosionProof>false</IsExplosionProof>
			<IsFireProof>false</IsFireProof>
			<IsMeleeProof>false</IsMeleeProof>
			<IsOnlyDamagedByPlayer>false</IsOnlyDamagedByPlayer>
			<PositionRotation>
				<X>-1045.46741</X>
				<Y>-2056.58472</Y>
				<Z>12.9193821</Z>
				<Pitch>0.0509139411</Pitch>
				<Roll>-9.74444294</Roll>
				<Yaw>148.167114</Yaw>
			</PositionRotation>
			<Attachment isAttached="true">
				<AttachedTo>93954</AttachedTo>
				<BoneIndex>0</BoneIndex>
				<X>0.180000067</X>
				<Y>-0.52000016</Y>
				<Z>0.400000066</Z>
				<Pitch>0</Pitch>
				<Roll>-9.00000095</Roll>
				<Yaw>-90.0000076</Yaw>
			</Attachment>
		</Attachment>
		<Attachment>
			<ModelHash>0x6de6824f</ModelHash>
			<Type>3</Type>
			<Dynamic>false</Dynamic>
			<FrozenPos>true</FrozenPos>
			<HashName>prop_box_ammo01a</HashName>
			<InitialHandle>174382</InitialHandle>
			<ObjectProperties>
				<TextureVariation>0</TextureVariation>
			</ObjectProperties>
			<OpacityLevel>255</OpacityLevel>
			<LodDistance>16960</LodDistance>
			<IsVisible>true</IsVisible>
			<MaxHealth>1000</MaxHealth>
			<Health>1000</Health>
			<HasGravity>true</HasGravity>
			<IsOnFire>false</IsOnFire>
			<IsInvincible>false</IsInvincible>
			<IsBulletProof>false</IsBulletProof>
			<IsCollisionProof>false</IsCollisionProof>
			<IsExplosionProof>false</IsExplosionProof>
			<IsFireProof>false</IsFireProof>
			<IsMeleeProof>false</IsMeleeProof>
			<IsOnlyDamagedByPlayer>false</IsOnlyDamagedByPlayer>
			<PositionRotation>
				<X>-1045.56921</X>
				<Y>-2056.52148</Y>
				<Z>12.9309406</Z>
				<Pitch>0.0509139411</Pitch>
				<Roll>-9.74444294</Roll>
				<Yaw>148.167114</Yaw>
			</PositionRotation>
			<Attachment isAttached="true">
				<AttachedTo>93954</AttachedTo>
				<BoneIndex>0</BoneIndex>
				<X>0.180000067</X>
				<Y>-0.640000284</Y>
				<Z>0.410000056</Z>
				<Pitch>0</Pitch>
				<Roll>-9.00000095</Roll>
				<Yaw>-90.0000076</Yaw>
			</Attachment>
		</Attachment>
		<Attachment>
			<ModelHash>0x35fde08c</ModelHash>
			<Type>3</Type>
			<Dynamic>false</Dynamic>
			<FrozenPos>true</FrozenPos>
			<HashName>w_pi_appistol</HashName>
			<InitialHandle>635952</InitialHandle>
			<ObjectProperties>
				<TextureVariation>0</TextureVariation>
			</ObjectProperties>
			<OpacityLevel>255</OpacityLevel>
			<LodDistance>16960</LodDistance>
			<IsVisible>true</IsVisible>
			<MaxHealth>1000</MaxHealth>
			<Health>1000</Health>
			<HasGravity>true</HasGravity>
			<IsOnFire>false</IsOnFire>
			<IsInvincible>false</IsInvincible>
			<IsBulletProof>false</IsBulletProof>
			<IsCollisionProof>false</IsCollisionProof>
			<IsExplosionProof>false</IsExplosionProof>
			<IsFireProof>false</IsFireProof>
			<IsMeleeProof>false</IsMeleeProof>
			<IsOnlyDamagedByPlayer>false</IsOnlyDamagedByPlayer>
			<PositionRotation>
				<X>-1045.71472</X>
				<Y>-2056.45459</Y>
				<Z>13.0130301</Z>
				<Pitch>-89.2542725</Pitch>
				<Roll>-119.087418</Roll>
				<Yaw>62.0793686</Yaw>
			</PositionRotation>
			<Attachment isAttached="true">
				<AttachedTo>93954</AttachedTo>
				<BoneIndex>0</BoneIndex>
				<X>0.200000033</X>
				<Y>-0.800000072</Y>
				<Z>0.490000188</Z>
				<Pitch>-90.0000076</Pitch>
				<Roll>57.0000038</Roll>
				<Yaw>0</Yaw>
			</Attachment>
		</Attachment>
		<Attachment>
			<ModelHash>0x1152354b</ModelHash>
			<Type>3</Type>
			<Dynamic>false</Dynamic>
			<FrozenPos>true</FrozenPos>
			<HashName>w_ex_grenadefrag</HashName>
			<InitialHandle>444211</InitialHandle>
			<ObjectProperties>
				<TextureVariation>0</TextureVariation>
			</ObjectProperties>
			<OpacityLevel>255</OpacityLevel>
			<LodDistance>16960</LodDistance>
			<IsVisible>true</IsVisible>
			<MaxHealth>1000</MaxHealth>
			<Health>1000</Health>
			<HasGravity>true</HasGravity>
			<IsOnFire>false</IsOnFire>
			<IsInvincible>false</IsInvincible>
			<IsBulletProof>false</IsBulletProof>
			<IsCollisionProof>false</IsCollisionProof>
			<IsExplosionProof>false</IsExplosionProof>
			<IsFireProof>false</IsFireProof>
			<IsMeleeProof>false</IsMeleeProof>
			<IsOnlyDamagedByPlayer>false</IsOnlyDamagedByPlayer>
			<PositionRotation>
				<X>-1045.50427</X>
				<Y>-2056.26758</Y>
				<Z>13.0217495</Z>
				<Pitch>-8.46366596</Pitch>
				<Roll>-0.524870574</Roll>
				<Yaw>106.08712</Yaw>
			</PositionRotation>
			<Attachment isAttached="true">
				<AttachedTo>93954</AttachedTo>
				<BoneIndex>0</BoneIndex>
				<X>-0.0700001046</X>
				<Y>-0.720000029</Y>
				<Z>0.500000119</Z>
				<Pitch>-8.99999809</Pitch>
				<Roll>0</Roll>
				<Yaw>-131.999985</Yaw>
			</Attachment>
		</Attachment>
		<Attachment>
			<ModelHash>0x1152354b</ModelHash>
			<Type>3</Type>
			<Dynamic>false</Dynamic>
			<FrozenPos>true</FrozenPos>
			<HashName>w_ex_grenadefrag</HashName>
			<InitialHandle>373551</InitialHandle>
			<ObjectProperties>
				<TextureVariation>0</TextureVariation>
			</ObjectProperties>
			<OpacityLevel>255</OpacityLevel>
			<LodDistance>16960</LodDistance>
			<IsVisible>true</IsVisible>
			<MaxHealth>1000</MaxHealth>
			<Health>1000</Health>
			<HasGravity>true</HasGravity>
			<IsOnFire>false</IsOnFire>
			<IsInvincible>false</IsInvincible>
			<IsBulletProof>false</IsBulletProof>
			<IsCollisionProof>false</IsCollisionProof>
			<IsExplosionProof>false</IsExplosionProof>
			<IsFireProof>false</IsFireProof>
			<IsMeleeProof>false</IsMeleeProof>
			<IsOnlyDamagedByPlayer>false</IsOnlyDamagedByPlayer>
			<PositionRotation>
				<X>-1045.55505</X>
				<Y>-2056.33008</Y>
				<Z>13.0119514</Z>
				<Pitch>-8.46366596</Pitch>
				<Roll>-0.524870574</Roll>
				<Yaw>106.08712</Yaw>
			</PositionRotation>
			<Attachment isAttached="true">
				<AttachedTo>93954</AttachedTo>
				<BoneIndex>0</BoneIndex>
				<X>0.00999991596</X>
				<Y>-0.730000019</Y>
				<Z>0.490000129</Z>
				<Pitch>-8.99999809</Pitch>
				<Roll>0</Roll>
				<Yaw>-131.999985</Yaw>
			</Attachment>
		</Attachment>
	</SpoonerAttachments>
</Vehicle>
