{
    "Vehicle": {
        "ModelHash": 3188846534,
        "VehicleProperties": {
            "BulletProofTires": true,
            "Colors": {
                "CPrimary": {
                    "b": 165,
                    "g": 192,
                    "r": 207
                },
                "CSecondary": {
                    "b": 27,
                    "g": 57,
                    "r": 71
                },
                "IsPrimaryCustom": false,
                "IsSecondaryCustom": false,
                "Livery": -1,
                "Neon": {
                    "Back": true,
                    "Color": {
                        "b": 5,
                        "g": 150,
                        "r": 255
                    },
                    "Front": true,
                    "Left": true,
                    "Right": true
                },
                "PaintFade": 1.0,
                "Pearl": 107,
                "Primary": 107,
                "Rim": 156,
                "Secondary": 159,
                "TyreSmoke": {
                    "b": 0,
                    "g": 238,
                    "r": 252
                }
            },
            "DirtLevel": 3.55484080314636,
            "EngineHealth": 1000.0,
            "EngineRunning": true,
            "Mods": {
                "Mod_0": 5,
                "Mod_1": 1,
                "Mod_10": 0,
                "Mod_11": 3,
                "Mod_12": 2,
                "Mod_13": 3,
                "Mod_14": 56,
                "Mod_15": -1,
                "Mod_16": 4,
                "Mod_17": -1,
                "Mod_18": -1,
                "Mod_19": -1,
                "Mod_2": 0,
                "Mod_20": -1,
                "Mod_21": -1,
                "Mod_22": -1,
                "Mod_23": 6,
                "Mod_24": -1,
                "Mod_25": -1,
                "Mod_26": -1,
                "Mod_27": -1,
                "Mod_28": 2,
                "Mod_29": -1,
                "Mod_3": -1,
                "Mod_30": -1,
                "Mod_31": -1,
                "Mod_32": -1,
                "Mod_33": -1,
                "Mod_34": -1,
                "Mod_35": -1,
                "Mod_36": -1,
                "Mod_37": -1,
                "Mod_38": -1,
                "Mod_39": -1,
                "Mod_4": 2,
                "Mod_40": 3,
                "Mod_41": 2,
                "Mod_42": 3,
                "Mod_43": 0,
                "Mod_44": 0,
                "Mod_45": 1,
                "Mod_46": -1,
                "Mod_47": -1,
                "Mod_48": 5,
                "Mod_5": 2,
                "Mod_6": 2,
                "Mod_7": 2,
                "Mod_8": 3,
                "Mod_9": 2
            },
            "NumberPlate": {
                "Index": 1,
                "Text": "00DPU956"
            },
            "WheelsType": 7,
            "WindowTint": 0
        }
    }
}