{
    "Vehicle": {
        "ModelHash": 2816263004,
        "VehicleProperties": {
            "BulletProofTires": true,
            "Colors": {
                "CPrimary": {
                    "b": 0,
                    "g": 0,
                    "r": 0
                },
                "CSecondary": {
                    "b": 0,
                    "g": 0,
                    "r": 0
                },
                "IsPrimaryCustom": true,
                "IsSecondaryCustom": true,
                "Livery": -1,
                "Neon": {
                    "Back": false,
                    "Color": {
                        "b": 255,
                        "g": 0,
                        "r": 255
                    },
                    "Front": false,
                    "Left": false,
                    "Right": false
                },
                "PaintFade": 1.0,
                "Pearl": 7,
                "Primary": 92,
                "Rim": 126,
                "Secondary": 140,
                "TyreSmoke": {
                    "b": 255,
                    "g": 255,
                    "r": 255
                }
            },
            "DirtLevel": 6.96301651000977,
            "EngineHealth": 1000.0,
            "EngineRunning": true,
            "Mods": {
                "Mod_0": 5,
                "Mod_1": 0,
                "Mod_10": -1,
                "Mod_11": 3,
                "Mod_12": 2,
                "Mod_13": 2,
                "Mod_14": 3,
                "Mod_15": -1,
                "Mod_16": 4,
                "Mod_17": -1,
                "Mod_18": -1,
                "Mod_19": -1,
                "Mod_2": 0,
                "Mod_20": -1,
                "Mod_21": -1,
                "Mod_22": -1,
                "Mod_23": 19,
                "Mod_24": -1,
                "Mod_25": -1,
                "Mod_26": -1,
                "Mod_27": -1,
                "Mod_28": 2,
                "Mod_29": -1,
                "Mod_3": -1,
                "Mod_30": -1,
                "Mod_31": -1,
                "Mod_32": -1,
                "Mod_33": -1,
                "Mod_34": -1,
                "Mod_35": -1,
                "Mod_36": -1,
                "Mod_37": -1,
                "Mod_38": -1,
                "Mod_39": -1,
                "Mod_4": 1,
                "Mod_40": 3,
                "Mod_41": -1,
                "Mod_42": 2,
                "Mod_43": 0,
                "Mod_44": -1,
                "Mod_45": 1,
                "Mod_46": -1,
                "Mod_47": -1,
                "Mod_48": 3,
                "Mod_5": 2,
                "Mod_6": -1,
                "Mod_7": -1,
                "Mod_8": 1,
                "Mod_9": -1
            },
            "NumberPlate": {
                "Index": 1,
                "Text": "85LZN448"
            },
            "WheelsType": 1,
            "WindowTint": 5
        }
    }
}