<?xml version="1.0" encoding="ISO-8859-1"?>
<Vehicle menyoo_ver="0.999836b">
	<ModelHash>0x7a61b330</ModelHash>
	<InitialHandle>112389</InitialHandle>
	<VehicleProperties>
		<Colours>
			<Primary>111</Primary>
			<Secondary>122</Secondary>
			<Pearl>0</Pearl>
			<Rim>156</Rim>
			<Mod1_a>2046</Mod1_a>
			<Mod1_b>0</Mod1_b>
			<Mod1_c>-502764691</Mod1_c>
			<Mod2_a>2949120</Mod2_a>
			<Mod2_b>0</Mod2_b>
			<IsPrimaryColourCustom>false</IsPrimaryColourCustom>
			<IsSecondaryColourCustom>false</IsSecondaryColourCustom>
			<tyreSmoke_R>255</tyreSmoke_R>
			<tyreSmoke_G>255</tyreSmoke_G>
			<tyreSmoke_B>255</tyreSmoke_B>
			<LrInterior>0</LrInterior>
			<LrDashboard>0</LrDashboard>
		</Colours>
		<Livery>-1</Livery>
		<NumberPlateText>09RSO332</NumberPlateText>
		<NumberPlateIndex>0</NumberPlateIndex>
		<WheelType>0</WheelType>
		<WheelsInvisible>false</WheelsInvisible>
		<WindowTint>0</WindowTint>
		<BulletProofTyres>false</BulletProofTyres>
		<DirtLevel>14.9000216</DirtLevel>
		<PaintFade>1</PaintFade>
		<RoofState>0</RoofState>
		<SirenActive>false</SirenActive>
		<EngineOn>true</EngineOn>
		<EngineHealth>1250</EngineHealth>
		<LightsOn>false</LightsOn>
		<IsRadioLoud>0</IsRadioLoud>
		<Neons>
			<Left>false</Left>
			<Right>false</Right>
			<Front>false</Front>
			<Back>false</Back>
			<R>255</R>
			<G>0</G>
			<B>255</B>
		</Neons>
		<ModExtras>
			<_1>false</_1>
			<_2>false</_2>
			<_3>false</_3>
			<_4>false</_4>
			<_5>false</_5>
			<_6>false</_6>
			<_7>true</_7>
			<_10>false</_10>
			<_11>false</_11>
			<_12>true</_12>
		</ModExtras>
		<Mods>
			<_0>-1,0</_0>
			<_1>-1,0</_1>
			<_2>-1,0</_2>
			<_3>-1,0</_3>
			<_4>-1,0</_4>
			<_5>-1,0</_5>
			<_6>-1,0</_6>
			<_7>-1,0</_7>
			<_8>-1,0</_8>
			<_9>-1,0</_9>
			<_10>-1,0</_10>
			<_11>-1,0</_11>
			<_12>-1,0</_12>
			<_13>-1,0</_13>
			<_14>-1,0</_14>
			<_15>-1,0</_15>
			<_16>-1,0</_16>
			<_17>false</_17>
			<_18>false</_18>
			<_19>false</_19>
			<_20>false</_20>
			<_21>false</_21>
			<_22>false</_22>
			<_23>-1,0</_23>
			<_24>-1,0</_24>
			<_25>-1,0</_25>
			<_26>-1,0</_26>
			<_27>-1,0</_27>
			<_28>-1,0</_28>
			<_29>-1,0</_29>
			<_30>-1,0</_30>
			<_31>-1,0</_31>
			<_32>-1,0</_32>
			<_33>-1,0</_33>
			<_34>-1,0</_34>
			<_35>-1,0</_35>
			<_36>-1,0</_36>
			<_37>-1,0</_37>
			<_38>-1,0</_38>
			<_39>-1,0</_39>
			<_40>-1,0</_40>
			<_41>-1,0</_41>
			<_42>-1,0</_42>
			<_43>-1,0</_43>
			<_44>-1,0</_44>
			<_45>-1,0</_45>
			<_46>-1,0</_46>
			<_47>-1,0</_47>
			<_48>-1,0</_48>
		</Mods>
		<DoorsOpen>
			<BackLeftDoor>false</BackLeftDoor>
			<BackRightDoor>false</BackRightDoor>
			<FrontLeftDoor>false</FrontLeftDoor>
			<FrontRightDoor>false</FrontRightDoor>
			<Hood>false</Hood>
			<Trunk>false</Trunk>
			<Trunk2>false</Trunk2>
		</DoorsOpen>
		<DoorsBroken>
			<BackLeftDoor>false</BackLeftDoor>
			<BackRightDoor>false</BackRightDoor>
			<FrontLeftDoor>false</FrontLeftDoor>
			<FrontRightDoor>false</FrontRightDoor>
			<Hood>false</Hood>
			<Trunk>false</Trunk>
			<Trunk2>false</Trunk2>
		</DoorsBroken>
		<TyresBursted>
			<FrontLeft>false</FrontLeft>
			<FrontRight>false</FrontRight>
			<_2>false</_2>
			<_3>false</_3>
			<BackLeft>false</BackLeft>
			<BackRight>false</BackRight>
			<_6>false</_6>
			<_7>false</_7>
			<_8>false</_8>
		</TyresBursted>
		<RpmMultiplier>1</RpmMultiplier>
		<TorqueMultiplier>1</TorqueMultiplier>
		<HeadlightIntensity>1</HeadlightIntensity>
	</VehicleProperties>
	<OpacityLevel>255</OpacityLevel>
	<LodDistance>16960</LodDistance>
	<IsVisible>true</IsVisible>
	<IsDriverVisible>true</IsDriverVisible>
	<MaxHealth>1000</MaxHealth>
	<Health>1000</Health>
	<IsOnFire>false</IsOnFire>
	<IsInvincible>false</IsInvincible>
	<IsBulletProof>false</IsBulletProof>
	<IsExplosionProof>false</IsExplosionProof>
	<IsFireProof>false</IsFireProof>
	<IsMeleeProof>false</IsMeleeProof>
	<IsOnlyDamagedByPlayer>false</IsOnlyDamagedByPlayer>
	<SpoonerAttachments SetAttachmentsPersistentAndAddToSpoonerDatabase="false">
		<Attachment>
			<ModelHash>0x6de6824f</ModelHash>
			<Type>3</Type>
			<Dynamic>false</Dynamic>
			<HashName>prop_box_ammo01a</HashName>
			<InitialHandle>110597</InitialHandle>
			<OpacityLevel>255</OpacityLevel>
			<LodDistance>16960</LodDistance>
			<IsVisible>true</IsVisible>
			<MaxHealth>1000</MaxHealth>
			<Health>1000</Health>
			<IsOnFire>false</IsOnFire>
			<IsInvincible>false</IsInvincible>
			<IsBulletProof>false</IsBulletProof>
			<IsCollisionProof>false</IsCollisionProof>
			<IsExplosionProof>false</IsExplosionProof>
			<IsFireProof>false</IsFireProof>
			<IsMeleeProof>false</IsMeleeProof>
			<IsOnlyDamagedByPlayer>false</IsOnlyDamagedByPlayer>
			<PositionRotation>
				<X>-1438.90259</X>
				<Y>-3186.90771</Y>
				<Z>13.9891777</Z>
				<Pitch>0.016629545</Pitch>
				<Roll>-0.00186213572</Roll>
				<Yaw>9.45229053</Yaw>
			</PositionRotation>
			<Attachment isAttached="true">
				<AttachedTo>112389</AttachedTo>
				<BoneIndex>0</BoneIndex>
				<X>0.669999719</X>
				<Y>-4.49000788</Y>
				<Z>0.0700000152</Z>
				<Pitch>0</Pitch>
				<Roll>0</Roll>
				<Yaw>0</Yaw>
			</Attachment>
		</Attachment>
		<Attachment>
			<ModelHash>0x466d25bc</ModelHash>
			<Type>3</Type>
			<Dynamic>false</Dynamic>
			<HashName>prop_garden_chimes_01</HashName>
			<InitialHandle>111621</InitialHandle>
			<OpacityLevel>255</OpacityLevel>
			<LodDistance>16960</LodDistance>
			<IsVisible>true</IsVisible>
			<MaxHealth>1000</MaxHealth>
			<Health>1000</Health>
			<IsOnFire>false</IsOnFire>
			<IsInvincible>false</IsInvincible>
			<IsBulletProof>false</IsBulletProof>
			<IsCollisionProof>false</IsCollisionProof>
			<IsExplosionProof>false</IsExplosionProof>
			<IsFireProof>false</IsFireProof>
			<IsMeleeProof>false</IsMeleeProof>
			<IsOnlyDamagedByPlayer>false</IsOnlyDamagedByPlayer>
			<PositionRotation>
				<X>-1438.59192</X>
				<Y>-3187.37354</Y>
				<Z>16.1190376</Z>
				<Pitch>0.016629545</Pitch>
				<Roll>-0.00186213572</Roll>
				<Yaw>9.45229053</Yaw>
			</PositionRotation>
			<Attachment isAttached="true">
				<AttachedTo>112389</AttachedTo>
				<BoneIndex>0</BoneIndex>
				<X>0.900000215</X>
				<Y>-4.99999762</Y>
				<Z>2.20000029</Z>
				<Pitch>0</Pitch>
				<Roll>0</Roll>
				<Yaw>0</Yaw>
			</Attachment>
		</Attachment>
		<Attachment>
			<ModelHash>0xd68a9cdf</ModelHash>
			<Type>3</Type>
			<Dynamic>false</Dynamic>
			<HashName>prop_roofvent_07a</HashName>
			<InitialHandle>680964</InitialHandle>
			<OpacityLevel>255</OpacityLevel>
			<LodDistance>16960</LodDistance>
			<IsVisible>true</IsVisible>
			<MaxHealth>1000</MaxHealth>
			<Health>1000</Health>
			<IsOnFire>false</IsOnFire>
			<IsInvincible>false</IsInvincible>
			<IsBulletProof>false</IsBulletProof>
			<IsCollisionProof>false</IsCollisionProof>
			<IsExplosionProof>false</IsExplosionProof>
			<IsFireProof>false</IsFireProof>
			<IsMeleeProof>false</IsMeleeProof>
			<IsOnlyDamagedByPlayer>false</IsOnlyDamagedByPlayer>
			<PositionRotation>
				<X>-1440.77393</X>
				<Y>-3179.74756</Y>
				<Z>13.5512943</Z>
				<Pitch>-0.0166295469</Pitch>
				<Roll>0.0018621413</Roll>
				<Yaw>-170.547684</Yaw>
			</PositionRotation>
			<Attachment isAttached="true">
				<AttachedTo>112389</AttachedTo>
				<BoneIndex>0</BoneIndex>
				<X>0</X>
				<Y>2.87999964</Y>
				<Z>-0.369999975</Z>
				<Pitch>0</Pitch>
				<Roll>0</Roll>
				<Yaw>180.000015</Yaw>
			</Attachment>
		</Attachment>
		<Attachment>
			<ModelHash>0x05ccacf6</ModelHash>
			<Type>3</Type>
			<Dynamic>false</Dynamic>
			<HashName>prop_roofvent_08a</HashName>
			<InitialHandle>303107</InitialHandle>
			<OpacityLevel>255</OpacityLevel>
			<LodDistance>16960</LodDistance>
			<IsVisible>true</IsVisible>
			<MaxHealth>1000</MaxHealth>
			<Health>1000</Health>
			<IsOnFire>false</IsOnFire>
			<IsInvincible>false</IsInvincible>
			<IsBulletProof>false</IsBulletProof>
			<IsCollisionProof>false</IsCollisionProof>
			<IsExplosionProof>false</IsExplosionProof>
			<IsFireProof>false</IsFireProof>
			<IsMeleeProof>false</IsMeleeProof>
			<IsOnlyDamagedByPlayer>false</IsOnlyDamagedByPlayer>
			<PositionRotation>
				<X>-1441.18579</X>
				<Y>-3184.82471</Y>
				<Z>15.6498194</Z>
				<Pitch>0.016629545</Pitch>
				<Roll>-0.00186213572</Roll>
				<Yaw>9.45229053</Yaw>
			</PositionRotation>
			<Attachment isAttached="true">
				<AttachedTo>112389</AttachedTo>
				<BoneIndex>0</BoneIndex>
				<X>-1.23999918</X>
				<Y>-2.06000042</Y>
				<Z>1.72999871</Z>
				<Pitch>0</Pitch>
				<Roll>0</Roll>
				<Yaw>0</Yaw>
			</Attachment>
		</Attachment>
		<Attachment>
			<ModelHash>0x0dd75614</ModelHash>
			<Type>3</Type>
			<Dynamic>false</Dynamic>
			<HashName>prop_car_engine_01</HashName>
			<InitialHandle>303363</InitialHandle>
			<OpacityLevel>255</OpacityLevel>
			<LodDistance>16960</LodDistance>
			<IsVisible>true</IsVisible>
			<MaxHealth>1000</MaxHealth>
			<Health>1000</Health>
			<IsOnFire>false</IsOnFire>
			<IsInvincible>false</IsInvincible>
			<IsBulletProof>false</IsBulletProof>
			<IsCollisionProof>false</IsCollisionProof>
			<IsExplosionProof>false</IsExplosionProof>
			<IsFireProof>false</IsFireProof>
			<IsMeleeProof>false</IsMeleeProof>
			<IsOnlyDamagedByPlayer>false</IsOnlyDamagedByPlayer>
			<PositionRotation>
				<X>-1440.61267</X>
				<Y>-3179.4978</Y>
				<Z>13.9213648</Z>
				<Pitch>0.016629545</Pitch>
				<Roll>-0.00186213572</Roll>
				<Yaw>9.45229053</Yaw>
			</PositionRotation>
			<Attachment isAttached="true">
				<AttachedTo>112389</AttachedTo>
				<BoneIndex>0</BoneIndex>
				<X>0.200000048</X>
				<Y>3.09999943</Y>
				<Z>0</Z>
				<Pitch>0</Pitch>
				<Roll>0</Roll>
				<Yaw>0</Yaw>
			</Attachment>
		</Attachment>
		<Attachment>
			<ModelHash>0xd6a8e9bd</ModelHash>
			<Type>3</Type>
			<Dynamic>false</Dynamic>
			<HashName>hei_prop_hei_ammo_pile</HashName>
			<InitialHandle>303619</InitialHandle>
			<OpacityLevel>255</OpacityLevel>
			<LodDistance>16960</LodDistance>
			<IsVisible>true</IsVisible>
			<MaxHealth>1000</MaxHealth>
			<Health>1000</Health>
			<IsOnFire>false</IsOnFire>
			<IsInvincible>false</IsInvincible>
			<IsBulletProof>false</IsBulletProof>
			<IsCollisionProof>false</IsCollisionProof>
			<IsExplosionProof>false</IsExplosionProof>
			<IsFireProof>false</IsFireProof>
			<IsMeleeProof>false</IsMeleeProof>
			<IsOnlyDamagedByPlayer>false</IsOnlyDamagedByPlayer>
			<PositionRotation>
				<X>-1438.94836</X>
				<Y>-3185.29321</Y>
				<Z>14.1596489</Z>
				<Pitch>-0.00186213583</Pitch>
				<Roll>-0.016629545</Roll>
				<Yaw>99.4522858</Yaw>
			</PositionRotation>
			<Attachment isAttached="true">
				<AttachedTo>112389</AttachedTo>
				<BoneIndex>0</BoneIndex>
				<X>0.889999509</X>
				<Y>-2.88999963</Y>
				<Z>0.240000069</Z>
				<Pitch>0</Pitch>
				<Roll>0</Roll>
				<Yaw>90.0000076</Yaw>
			</Attachment>
		</Attachment>
		<Attachment>
			<ModelHash>0x0dd75614</ModelHash>
			<Type>3</Type>
			<Dynamic>false</Dynamic>
			<HashName>prop_car_engine_01</HashName>
			<InitialHandle>303875</InitialHandle>
			<OpacityLevel>255</OpacityLevel>
			<LodDistance>16960</LodDistance>
			<IsVisible>true</IsVisible>
			<MaxHealth>1000</MaxHealth>
			<Health>1000</Health>
			<IsOnFire>false</IsOnFire>
			<IsInvincible>false</IsInvincible>
			<IsBulletProof>false</IsBulletProof>
			<IsCollisionProof>false</IsCollisionProof>
			<IsExplosionProof>false</IsExplosionProof>
			<IsFireProof>false</IsFireProof>
			<IsMeleeProof>false</IsMeleeProof>
			<IsOnlyDamagedByPlayer>false</IsOnlyDamagedByPlayer>
			<PositionRotation>
				<X>-1441.073</X>
				<Y>-3179.16895</Y>
				<Z>13.9114685</Z>
				<Pitch>-0.0166295469</Pitch>
				<Roll>0.0018621413</Roll>
				<Yaw>-170.547684</Yaw>
			</PositionRotation>
			<Attachment isAttached="true">
				<AttachedTo>112389</AttachedTo>
				<BoneIndex>0</BoneIndex>
				<X>-0.200000048</X>
				<Y>3.49999905</Y>
				<Z>-0.0100000026</Z>
				<Pitch>0</Pitch>
				<Roll>0</Roll>
				<Yaw>180.000015</Yaw>
			</Attachment>
		</Attachment>
		<Attachment>
			<ModelHash>0x052bfc7a</ModelHash>
			<Type>3</Type>
			<Dynamic>false</Dynamic>
			<HashName>prop_solarpanel_01</HashName>
			<InitialHandle>304131</InitialHandle>
			<OpacityLevel>255</OpacityLevel>
			<LodDistance>16960</LodDistance>
			<IsVisible>true</IsVisible>
			<MaxHealth>1000</MaxHealth>
			<Health>1000</Health>
			<IsOnFire>false</IsOnFire>
			<IsInvincible>false</IsInvincible>
			<IsBulletProof>false</IsBulletProof>
			<IsCollisionProof>false</IsCollisionProof>
			<IsExplosionProof>false</IsExplosionProof>
			<IsFireProof>false</IsFireProof>
			<IsMeleeProof>false</IsMeleeProof>
			<IsOnlyDamagedByPlayer>false</IsOnlyDamagedByPlayer>
			<PositionRotation>
				<X>-1439.83936</X>
				<Y>-3185.36108</Y>
				<Z>16.1196442</Z>
				<Pitch>-0.00186213583</Pitch>
				<Roll>-0.016629545</Roll>
				<Yaw>99.4522858</Yaw>
			</PositionRotation>
			<Attachment isAttached="true">
				<AttachedTo>112389</AttachedTo>
				<BoneIndex>0</BoneIndex>
				<X>0</X>
				<Y>-2.8099978</Y>
				<Z>2.20000029</Z>
				<Pitch>0</Pitch>
				<Roll>0</Roll>
				<Yaw>90.0000076</Yaw>
			</Attachment>
		</Attachment>
		<Attachment>
			<ModelHash>0xe9e2ec92</ModelHash>
			<Type>3</Type>
			<Dynamic>false</Dynamic>
			<HashName>prop_box_ammo04a</HashName>
			<InitialHandle>304387</InitialHandle>
			<OpacityLevel>255</OpacityLevel>
			<LodDistance>16960</LodDistance>
			<IsVisible>true</IsVisible>
			<MaxHealth>1000</MaxHealth>
			<Health>1000</Health>
			<IsOnFire>false</IsOnFire>
			<IsInvincible>false</IsInvincible>
			<IsBulletProof>false</IsBulletProof>
			<IsCollisionProof>false</IsCollisionProof>
			<IsExplosionProof>false</IsExplosionProof>
			<IsFireProof>false</IsFireProof>
			<IsMeleeProof>false</IsMeleeProof>
			<IsOnlyDamagedByPlayer>false</IsOnlyDamagedByPlayer>
			<PositionRotation>
				<X>-1438.62976</X>
				<Y>-3187.08521</Y>
				<Z>13.9191217</Z>
				<Pitch>-0.00186213583</Pitch>
				<Roll>-0.016629545</Roll>
				<Yaw>99.4522858</Yaw>
			</PositionRotation>
			<Attachment isAttached="true">
				<AttachedTo>112389</AttachedTo>
				<BoneIndex>0</BoneIndex>
				<X>0.90999949</X>
				<Y>-4.71001291</Y>
				<Z>0</Z>
				<Pitch>0</Pitch>
				<Roll>0</Roll>
				<Yaw>90.0000076</Yaw>
			</Attachment>
		</Attachment>
		<Attachment>
			<ModelHash>0x09472c02</ModelHash>
			<Type>3</Type>
			<Dynamic>false</Dynamic>
			<HashName>prop_box_ammo05b</HashName>
			<InitialHandle>304643</InitialHandle>
			<OpacityLevel>255</OpacityLevel>
			<LodDistance>16960</LodDistance>
			<IsVisible>true</IsVisible>
			<MaxHealth>1000</MaxHealth>
			<Health>1000</Health>
			<IsOnFire>false</IsOnFire>
			<IsInvincible>false</IsInvincible>
			<IsBulletProof>false</IsBulletProof>
			<IsCollisionProof>false</IsCollisionProof>
			<IsExplosionProof>false</IsExplosionProof>
			<IsFireProof>false</IsFireProof>
			<IsMeleeProof>false</IsMeleeProof>
			<IsOnlyDamagedByPlayer>false</IsOnlyDamagedByPlayer>
			<PositionRotation>
				<X>-1438.86292</X>
				<Y>-3185.198</Y>
				<Z>14.7096748</Z>
				<Pitch>0.00186213583</Pitch>
				<Roll>0.016629545</Roll>
				<Yaw>-80.5477066</Yaw>
			</PositionRotation>
			<Attachment isAttached="true">
				<AttachedTo>112389</AttachedTo>
				<BoneIndex>0</BoneIndex>
				<X>0.989999413</X>
				<Y>-2.80999804</Y>
				<Z>0.789999604</Z>
				<Pitch>0</Pitch>
				<Roll>0</Roll>
				<Yaw>-90.0000076</Yaw>
			</Attachment>
		</Attachment>
		<Attachment>
			<ModelHash>0x720cbde5</ModelHash>
			<Type>3</Type>
			<Dynamic>false</Dynamic>
			<HashName>prop_weed_tub_01b</HashName>
			<InitialHandle>304899</InitialHandle>
			<OpacityLevel>255</OpacityLevel>
			<LodDistance>16960</LodDistance>
			<IsVisible>true</IsVisible>
			<MaxHealth>1000</MaxHealth>
			<Health>1000</Health>
			<IsOnFire>false</IsOnFire>
			<IsInvincible>false</IsInvincible>
			<IsBulletProof>false</IsBulletProof>
			<IsCollisionProof>false</IsCollisionProof>
			<IsExplosionProof>false</IsExplosionProof>
			<IsFireProof>false</IsFireProof>
			<IsMeleeProof>false</IsMeleeProof>
			<IsOnlyDamagedByPlayer>false</IsOnlyDamagedByPlayer>
			<PositionRotation>
				<X>-1441.08997</X>
				<Y>-3182.7207</Y>
				<Z>16.420433</Z>
				<Pitch>0.016629545</Pitch>
				<Roll>-0.00186213572</Roll>
				<Yaw>9.45229053</Yaw>
			</PositionRotation>
			<Attachment isAttached="true">
				<AttachedTo>112389</AttachedTo>
				<BoneIndex>0</BoneIndex>
				<X>-0.800000191</X>
				<Y>0</Y>
				<Z>2.5</Z>
				<Pitch>0</Pitch>
				<Roll>0</Roll>
				<Yaw>0</Yaw>
			</Attachment>
		</Attachment>
		<Attachment>
			<ModelHash>0x050c39c7</ModelHash>
			<Type>3</Type>
			<Dynamic>false</Dynamic>
			<HashName>prop_cs_truck_ladder</HashName>
			<InitialHandle>305411</InitialHandle>
			<OpacityLevel>255</OpacityLevel>
			<LodDistance>16960</LodDistance>
			<IsVisible>true</IsVisible>
			<MaxHealth>1000</MaxHealth>
			<Health>1000</Health>
			<IsOnFire>false</IsOnFire>
			<IsInvincible>false</IsInvincible>
			<IsBulletProof>false</IsBulletProof>
			<IsCollisionProof>false</IsCollisionProof>
			<IsExplosionProof>false</IsExplosionProof>
			<IsFireProof>false</IsFireProof>
			<IsMeleeProof>false</IsMeleeProof>
			<IsOnlyDamagedByPlayer>false</IsOnlyDamagedByPlayer>
			<PositionRotation>
				<X>-1440.23279</X>
				<Y>-3187.99072</Y>
				<Z>13.5888824</Z>
				<Pitch>0.016629545</Pitch>
				<Roll>-0.00186213572</Roll>
				<Yaw>9.45229053</Yaw>
			</PositionRotation>
			<Attachment isAttached="true">
				<AttachedTo>112389</AttachedTo>
				<BoneIndex>0</BoneIndex>
				<X>-0.819999933</X>
				<Y>-5.33999825</Y>
				<Z>-0.330000043</Z>
				<Pitch>0</Pitch>
				<Roll>0</Roll>
				<Yaw>0</Yaw>
			</Attachment>
		</Attachment>
		<Attachment>
			<ModelHash>0xa53de4d1</ModelHash>
			<Type>3</Type>
			<Dynamic>false</Dynamic>
			<HashName>prop_box_ammo02a</HashName>
			<InitialHandle>305667</InitialHandle>
			<OpacityLevel>255</OpacityLevel>
			<LodDistance>16960</LodDistance>
			<IsVisible>true</IsVisible>
			<MaxHealth>1000</MaxHealth>
			<Health>1000</Health>
			<IsOnFire>false</IsOnFire>
			<IsInvincible>false</IsInvincible>
			<IsBulletProof>false</IsBulletProof>
			<IsCollisionProof>false</IsCollisionProof>
			<IsExplosionProof>false</IsExplosionProof>
			<IsFireProof>false</IsFireProof>
			<IsMeleeProof>false</IsMeleeProof>
			<IsOnlyDamagedByPlayer>false</IsOnlyDamagedByPlayer>
			<PositionRotation>
				<X>-1438.50977</X>
				<Y>-3187.07568</Y>
				<Z>14.4891224</Z>
				<Pitch>0.016629545</Pitch>
				<Roll>-0.00186213572</Roll>
				<Yaw>9.45229053</Yaw>
			</PositionRotation>
			<Attachment isAttached="true">
				<AttachedTo>112389</AttachedTo>
				<BoneIndex>0</BoneIndex>
				<X>1.02999938</X>
				<Y>-4.72001314</Y>
				<Z>0.569999814</Z>
				<Pitch>0</Pitch>
				<Roll>0</Roll>
				<Yaw>0</Yaw>
			</Attachment>
		</Attachment>
		<Attachment>
			<ModelHash>0x4bc4f20d</ModelHash>
			<Type>3</Type>
			<Dynamic>false</Dynamic>
			<HashName>hei_prop_heist_drug_tub_01</HashName>
			<InitialHandle>305923</InitialHandle>
			<OpacityLevel>255</OpacityLevel>
			<LodDistance>16960</LodDistance>
			<IsVisible>true</IsVisible>
			<MaxHealth>1000</MaxHealth>
			<Health>1000</Health>
			<IsOnFire>false</IsOnFire>
			<IsInvincible>false</IsInvincible>
			<IsBulletProof>false</IsBulletProof>
			<IsCollisionProof>false</IsCollisionProof>
			<IsExplosionProof>false</IsExplosionProof>
			<IsFireProof>false</IsFireProof>
			<IsMeleeProof>false</IsMeleeProof>
			<IsOnlyDamagedByPlayer>false</IsOnlyDamagedByPlayer>
			<PositionRotation>
				<X>-1438.84326</X>
				<Y>-3186.16797</Y>
				<Z>14.1593924</Z>
				<Pitch>-0.00186213583</Pitch>
				<Roll>-0.016629545</Roll>
				<Yaw>99.4522858</Yaw>
			</PositionRotation>
			<Attachment isAttached="true">
				<AttachedTo>112389</AttachedTo>
				<BoneIndex>0</BoneIndex>
				<X>0.849999547</X>
				<Y>-3.76999688</Y>
				<Z>0.240000084</Z>
				<Pitch>0</Pitch>
				<Roll>0</Roll>
				<Yaw>90.0000076</Yaw>
			</Attachment>
		</Attachment>
		<Attachment>
			<ModelHash>0xa138ec7c</ModelHash>
			<Type>3</Type>
			<Dynamic>false</Dynamic>
			<HashName>prop_gun_case_02</HashName>
			<InitialHandle>306179</InitialHandle>
			<OpacityLevel>255</OpacityLevel>
			<LodDistance>16960</LodDistance>
			<IsVisible>true</IsVisible>
			<MaxHealth>1000</MaxHealth>
			<Health>1000</Health>
			<IsOnFire>false</IsOnFire>
			<IsInvincible>false</IsInvincible>
			<IsBulletProof>false</IsBulletProof>
			<IsCollisionProof>false</IsCollisionProof>
			<IsExplosionProof>false</IsExplosionProof>
			<IsFireProof>false</IsFireProof>
			<IsMeleeProof>false</IsMeleeProof>
			<IsOnlyDamagedByPlayer>false</IsOnlyDamagedByPlayer>
			<PositionRotation>
				<X>-1439.44812</X>
				<Y>-3185.21436</Y>
				<Z>14.0296803</Z>
				<Pitch>0.00186214573</Pitch>
				<Roll>0.016629545</Roll>
				<Yaw>-80.5476685</Yaw>
			</PositionRotation>
			<Attachment isAttached="true">
				<AttachedTo>112389</AttachedTo>
				<BoneIndex>0</BoneIndex>
				<X>0.409999937</X>
				<Y>-2.72999787</Y>
				<Z>0.110000029</Z>
				<Pitch>0</Pitch>
				<Roll>0</Roll>
				<Yaw>270.000031</Yaw>
			</Attachment>
		</Attachment>
		<Attachment>
			<ModelHash>0x720cbde5</ModelHash>
			<Type>3</Type>
			<Dynamic>false</Dynamic>
			<HashName>prop_weed_tub_01b</HashName>
			<InitialHandle>306435</InitialHandle>
			<OpacityLevel>255</OpacityLevel>
			<LodDistance>16960</LodDistance>
			<IsVisible>true</IsVisible>
			<MaxHealth>1000</MaxHealth>
			<Health>1000</Health>
			<IsOnFire>false</IsOnFire>
			<IsInvincible>false</IsInvincible>
			<IsBulletProof>false</IsBulletProof>
			<IsCollisionProof>false</IsCollisionProof>
			<IsExplosionProof>false</IsExplosionProof>
			<IsFireProof>false</IsFireProof>
			<IsMeleeProof>false</IsMeleeProof>
			<IsOnlyDamagedByPlayer>false</IsOnlyDamagedByPlayer>
			<PositionRotation>
				<X>-1439.51172</X>
				<Y>-3182.45801</Y>
				<Z>16.4204845</Z>
				<Pitch>0.016629545</Pitch>
				<Roll>-0.00186213572</Roll>
				<Yaw>9.45229053</Yaw>
			</PositionRotation>
			<Attachment isAttached="true">
				<AttachedTo>112389</AttachedTo>
				<BoneIndex>0</BoneIndex>
				<X>0.800000191</X>
				<Y>0</Y>
				<Z>2.5</Z>
				<Pitch>0</Pitch>
				<Roll>0</Roll>
				<Yaw>0</Yaw>
			</Attachment>
		</Attachment>
		<Attachment>
			<ModelHash>0x9b064735</ModelHash>
			<Type>3</Type>
			<Dynamic>false</Dynamic>
			<HashName>prop_rub_tyre_02</HashName>
			<InitialHandle>306691</InitialHandle>
			<OpacityLevel>255</OpacityLevel>
			<LodDistance>16960</LodDistance>
			<IsVisible>true</IsVisible>
			<MaxHealth>1000</MaxHealth>
			<Health>1000</Health>
			<IsOnFire>false</IsOnFire>
			<IsInvincible>false</IsInvincible>
			<IsBulletProof>false</IsBulletProof>
			<IsCollisionProof>false</IsCollisionProof>
			<IsExplosionProof>false</IsExplosionProof>
			<IsFireProof>false</IsFireProof>
			<IsMeleeProof>false</IsMeleeProof>
			<IsOnlyDamagedByPlayer>false</IsOnlyDamagedByPlayer>
			<PositionRotation>
				<X>-1439.97351</X>
				<Y>-3181.69336</Y>
				<Z>16.3107147</Z>
				<Pitch>90</Pitch>
				<Roll>179.452301</Roll>
				<Yaw>0</Yaw>
			</PositionRotation>
			<Attachment isAttached="true">
				<AttachedTo>112389</AttachedTo>
				<BoneIndex>0</BoneIndex>
				<X>0.469999909</X>
				<Y>0.829999685</Y>
				<Z>2.3900001</Z>
				<Pitch>90.0000153</Pitch>
				<Roll>-10.0000019</Roll>
				<Yaw>180.000015</Yaw>
			</Attachment>
		</Attachment>
		<Attachment>
			<ModelHash>0x9b064735</ModelHash>
			<Type>3</Type>
			<Dynamic>false</Dynamic>
			<HashName>prop_rub_tyre_02</HashName>
			<InitialHandle>306947</InitialHandle>
			<OpacityLevel>255</OpacityLevel>
			<LodDistance>16960</LodDistance>
			<IsVisible>true</IsVisible>
			<MaxHealth>1000</MaxHealth>
			<Health>1000</Health>
			<IsOnFire>false</IsOnFire>
			<IsInvincible>false</IsInvincible>
			<IsBulletProof>false</IsBulletProof>
			<IsCollisionProof>false</IsCollisionProof>
			<IsExplosionProof>false</IsExplosionProof>
			<IsFireProof>false</IsFireProof>
			<IsMeleeProof>false</IsMeleeProof>
			<IsOnlyDamagedByPlayer>false</IsOnlyDamagedByPlayer>
			<PositionRotation>
				<X>-1440.79724</X>
				<Y>-3181.86108</Y>
				<Z>16.4206772</Z>
				<Pitch>-69.9981613</Pitch>
				<Roll>20.0486469</Roll>
				<Yaw>-80.5020065</Yaw>
			</PositionRotation>
			<Attachment isAttached="true">
				<AttachedTo>112389</AttachedTo>
				<BoneIndex>0</BoneIndex>
				<X>-0.370000005</X>
				<Y>0.799999714</Y>
				<Z>2.49999809</Z>
				<Pitch>-70.0000076</Pitch>
				<Roll>20.0000038</Roll>
				<Yaw>-90.0000153</Yaw>
			</Attachment>
		</Attachment>
		<Attachment>
			<ModelHash>0x0f8662dc</ModelHash>
			<Type>3</Type>
			<Dynamic>false</Dynamic>
			<HashName>hei_prop_carrier_liferafts</HashName>
			<InitialHandle>307203</InitialHandle>
			<OpacityLevel>255</OpacityLevel>
			<LodDistance>16960</LodDistance>
			<IsVisible>true</IsVisible>
			<MaxHealth>1000</MaxHealth>
			<Health>1000</Health>
			<IsOnFire>false</IsOnFire>
			<IsInvincible>false</IsInvincible>
			<IsBulletProof>false</IsBulletProof>
			<IsCollisionProof>false</IsCollisionProof>
			<IsExplosionProof>false</IsExplosionProof>
			<IsFireProof>false</IsFireProof>
			<IsMeleeProof>false</IsMeleeProof>
			<IsOnlyDamagedByPlayer>false</IsOnlyDamagedByPlayer>
			<PositionRotation>
				<X>-1439.52576</X>
				<Y>-3187.24512</Y>
				<Z>16.0190868</Z>
				<Pitch>-90</Pitch>
				<Roll>170.547729</Roll>
				<Yaw>0</Yaw>
			</PositionRotation>
			<Attachment isAttached="true">
				<AttachedTo>112389</AttachedTo>
				<BoneIndex>0</BoneIndex>
				<X>0</X>
				<Y>-4.72001314</Y>
				<Z>2.09999847</Z>
				<Pitch>-90.0000076</Pitch>
				<Roll>180.000015</Roll>
				<Yaw>0</Yaw>
			</Attachment>
		</Attachment>
		<Attachment>
			<ModelHash>0xb8814e33</ModelHash>
			<Type>3</Type>
			<Dynamic>false</Dynamic>
			<HashName>prop_rub_couch04</HashName>
			<InitialHandle>307459</InitialHandle>
			<OpacityLevel>255</OpacityLevel>
			<LodDistance>16960</LodDistance>
			<IsVisible>true</IsVisible>
			<MaxHealth>1000</MaxHealth>
			<Health>1000</Health>
			<IsOnFire>false</IsOnFire>
			<IsInvincible>false</IsInvincible>
			<IsBulletProof>false</IsBulletProof>
			<IsCollisionProof>false</IsCollisionProof>
			<IsExplosionProof>false</IsExplosionProof>
			<IsFireProof>false</IsFireProof>
			<IsMeleeProof>false</IsMeleeProof>
			<IsOnlyDamagedByPlayer>false</IsOnlyDamagedByPlayer>
			<PositionRotation>
				<X>-1439.52832</X>
				<Y>-3183.33179</Y>
				<Z>13.9802303</Z>
				<Pitch>0.00186213583</Pitch>
				<Roll>0.016629545</Roll>
				<Yaw>-80.5477066</Yaw>
			</PositionRotation>
			<Attachment isAttached="true">
				<AttachedTo>112389</AttachedTo>
				<BoneIndex>0</BoneIndex>
				<X>0.639999747</X>
				<Y>-0.860001564</Y>
				<Z>0.0600000061</Z>
				<Pitch>0</Pitch>
				<Roll>0</Roll>
				<Yaw>-90.0000076</Yaw>
			</Attachment>
		</Attachment>
		<Attachment>
			<ModelHash>0x9ac02584</ModelHash>
			<Type>3</Type>
			<Dynamic>false</Dynamic>
			<HashName>prop_rub_generator</HashName>
			<InitialHandle>529668</InitialHandle>
			<OpacityLevel>255</OpacityLevel>
			<LodDistance>16960</LodDistance>
			<IsVisible>true</IsVisible>
			<MaxHealth>1000</MaxHealth>
			<Health>1000</Health>
			<IsOnFire>false</IsOnFire>
			<IsInvincible>false</IsInvincible>
			<IsBulletProof>false</IsBulletProof>
			<IsCollisionProof>false</IsCollisionProof>
			<IsExplosionProof>false</IsExplosionProof>
			<IsFireProof>false</IsFireProof>
			<IsMeleeProof>false</IsMeleeProof>
			<IsOnlyDamagedByPlayer>false</IsOnlyDamagedByPlayer>
			<PositionRotation>
				<X>-1437.74548</X>
				<Y>-3187.89087</Y>
				<Z>13.3488741</Z>
				<Pitch>-0.0166295469</Pitch>
				<Roll>0.0018621413</Roll>
				<Yaw>-170.547684</Yaw>
			</PositionRotation>
			<Attachment isAttached="true">
				<AttachedTo>112389</AttachedTo>
				<BoneIndex>0</BoneIndex>
				<X>1.64999783</X>
				<Y>-5.65000296</Y>
				<Z>-0.569998503</Z>
				<Pitch>0</Pitch>
				<Roll>0</Roll>
				<Yaw>180.000015</Yaw>
			</Attachment>
		</Attachment>
		<Attachment>
			<ModelHash>0x3a0b02dd</ModelHash>
			<Type>3</Type>
			<Dynamic>false</Dynamic>
			<HashName>prop_ld_farm_table01</HashName>
			<InitialHandle>529412</InitialHandle>
			<OpacityLevel>255</OpacityLevel>
			<LodDistance>16960</LodDistance>
			<IsVisible>true</IsVisible>
			<MaxHealth>1000</MaxHealth>
			<Health>1000</Health>
			<IsOnFire>false</IsOnFire>
			<IsInvincible>false</IsInvincible>
			<IsBulletProof>false</IsBulletProof>
			<IsCollisionProof>false</IsCollisionProof>
			<IsExplosionProof>false</IsExplosionProof>
			<IsFireProof>false</IsFireProof>
			<IsMeleeProof>false</IsMeleeProof>
			<IsOnlyDamagedByPlayer>false</IsOnlyDamagedByPlayer>
			<PositionRotation>
				<X>-1441.1394</X>
				<Y>-3182.91089</Y>
				<Z>14.3103781</Z>
				<Pitch>0.016629545</Pitch>
				<Roll>-0.00186213572</Roll>
				<Yaw>9.45229053</Yaw>
			</PositionRotation>
			<Attachment isAttached="true">
				<AttachedTo>112389</AttachedTo>
				<BoneIndex>0</BoneIndex>
				<X>-0.879999518</X>
				<Y>-0.180000201</Y>
				<Z>0.389999956</Z>
				<Pitch>0</Pitch>
				<Roll>0</Roll>
				<Yaw>0</Yaw>
			</Attachment>
		</Attachment>
		<Attachment>
			<ModelHash>0x2c841b21</ModelHash>
			<Type>3</Type>
			<Dynamic>false</Dynamic>
			<HashName>hei_v_ilev_bk_gate2_pris</HashName>
			<InitialHandle>519428</InitialHandle>
			<OpacityLevel>255</OpacityLevel>
			<LodDistance>16960</LodDistance>
			<IsVisible>true</IsVisible>
			<MaxHealth>1000</MaxHealth>
			<Health>1000</Health>
			<IsOnFire>false</IsOnFire>
			<IsInvincible>true</IsInvincible>
			<IsBulletProof>false</IsBulletProof>
			<IsCollisionProof>false</IsCollisionProof>
			<IsExplosionProof>true</IsExplosionProof>
			<IsFireProof>false</IsFireProof>
			<IsMeleeProof>true</IsMeleeProof>
			<IsOnlyDamagedByPlayer>false</IsOnlyDamagedByPlayer>
			<PositionRotation>
				<X>-1438.25806</X>
				<Y>-3186.09058</Y>
				<Z>13.379406</Z>
				<Pitch>-0.00186043023</Pitch>
				<Roll>-90.0166245</Roll>
				<Yaw>99.4522858</Yaw>
			</PositionRotation>
			<Attachment isAttached="true">
				<AttachedTo>112389</AttachedTo>
				<BoneIndex>0</BoneIndex>
				<X>1.44000041</X>
				<Y>-3.78999686</Y>
				<Z>-0.539999843</Z>
				<Pitch>0</Pitch>
				<Roll>-90.0000076</Roll>
				<Yaw>90.0000076</Yaw>
			</Attachment>
		</Attachment>
		<Attachment>
			<ModelHash>0xd5c12a95</ModelHash>
			<Type>3</Type>
			<Dynamic>false</Dynamic>
			<HashName>prop_byard_elecbox04</HashName>
			<InitialHandle>519172</InitialHandle>
			<OpacityLevel>255</OpacityLevel>
			<LodDistance>16960</LodDistance>
			<IsVisible>true</IsVisible>
			<MaxHealth>1000</MaxHealth>
			<Health>1000</Health>
			<IsOnFire>false</IsOnFire>
			<IsInvincible>false</IsInvincible>
			<IsBulletProof>false</IsBulletProof>
			<IsCollisionProof>false</IsCollisionProof>
			<IsExplosionProof>false</IsExplosionProof>
			<IsFireProof>false</IsFireProof>
			<IsMeleeProof>false</IsMeleeProof>
			<IsOnlyDamagedByPlayer>false</IsOnlyDamagedByPlayer>
			<PositionRotation>
				<X>-1441.42896</X>
				<Y>-3184.33765</Y>
				<Z>14.1699667</Z>
				<Pitch>0.00186213583</Pitch>
				<Roll>0.016629545</Roll>
				<Yaw>-80.5477066</Yaw>
			</PositionRotation>
			<Attachment isAttached="true">
				<AttachedTo>112389</AttachedTo>
				<BoneIndex>0</BoneIndex>
				<X>-1.39999902</X>
				<Y>-1.54000115</Y>
				<Z>0.250000596</Z>
				<Pitch>0</Pitch>
				<Roll>0</Roll>
				<Yaw>-90.0000076</Yaw>
			</Attachment>
		</Attachment>
		<Attachment>
			<ModelHash>0x2c841b21</ModelHash>
			<Type>3</Type>
			<Dynamic>false</Dynamic>
			<HashName>hei_v_ilev_bk_gate2_pris</HashName>
			<InitialHandle>518916</InitialHandle>
			<OpacityLevel>255</OpacityLevel>
			<LodDistance>16960</LodDistance>
			<IsVisible>true</IsVisible>
			<MaxHealth>1000</MaxHealth>
			<Health>1000</Health>
			<IsOnFire>false</IsOnFire>
			<IsInvincible>false</IsInvincible>
			<IsBulletProof>false</IsBulletProof>
			<IsCollisionProof>false</IsCollisionProof>
			<IsExplosionProof>false</IsExplosionProof>
			<IsFireProof>false</IsFireProof>
			<IsMeleeProof>false</IsMeleeProof>
			<IsOnlyDamagedByPlayer>false</IsOnlyDamagedByPlayer>
			<PositionRotation>
				<X>-1440.7821</X>
				<Y>-3179.69849</Y>
				<Z>14.2013102</Z>
				<Pitch>27.0166321</Pitch>
				<Roll>-90.0020905</Roll>
				<Yaw>9.45323372</Yaw>
			</PositionRotation>
			<Attachment isAttached="true">
				<AttachedTo>112389</AttachedTo>
				<BoneIndex>0</BoneIndex>
				<X>0</X>
				<Y>2.92999506</Y>
				<Z>0.280001163</Z>
				<Pitch>27.0000038</Pitch>
				<Roll>-90.0000076</Roll>
				<Yaw>0</Yaw>
			</Attachment>
		</Attachment>
		<Attachment>
			<ModelHash>0xe19a6ca0</ModelHash>
			<Type>3</Type>
			<Dynamic>false</Dynamic>
			<HashName>prop_medstation_01</HashName>
			<InitialHandle>518660</InitialHandle>
			<OpacityLevel>255</OpacityLevel>
			<LodDistance>16960</LodDistance>
			<IsVisible>true</IsVisible>
			<MaxHealth>1000</MaxHealth>
			<Health>1000</Health>
			<IsOnFire>false</IsOnFire>
			<IsInvincible>false</IsInvincible>
			<IsBulletProof>false</IsBulletProof>
			<IsCollisionProof>false</IsCollisionProof>
			<IsExplosionProof>false</IsExplosionProof>
			<IsFireProof>false</IsFireProof>
			<IsMeleeProof>false</IsMeleeProof>
			<IsOnlyDamagedByPlayer>false</IsOnlyDamagedByPlayer>
			<PositionRotation>
				<X>-1441.23291</X>
				<Y>-3182.10571</Y>
				<Z>15.5506134</Z>
				<Pitch>0.016629545</Pitch>
				<Roll>-0.00186213572</Roll>
				<Yaw>9.45229053</Yaw>
			</PositionRotation>
			<Attachment isAttached="true">
				<AttachedTo>112389</AttachedTo>
				<BoneIndex>0</BoneIndex>
				<X>-0.839999557</X>
				<Y>0.629999757</Y>
				<Z>1.6299988</Z>
				<Pitch>0</Pitch>
				<Roll>0</Roll>
				<Yaw>0</Yaw>
			</Attachment>
		</Attachment>
		<Attachment>
			<ModelHash>0xa0ae41ab</ModelHash>
			<Type>3</Type>
			<Dynamic>false</Dynamic>
			<HashName>prop_elec_heater_01</HashName>
			<InitialHandle>520964</InitialHandle>
			<OpacityLevel>255</OpacityLevel>
			<LodDistance>16960</LodDistance>
			<IsVisible>true</IsVisible>
			<MaxHealth>1000</MaxHealth>
			<Health>1000</Health>
			<IsOnFire>false</IsOnFire>
			<IsInvincible>false</IsInvincible>
			<IsBulletProof>false</IsBulletProof>
			<IsCollisionProof>false</IsCollisionProof>
			<IsExplosionProof>false</IsExplosionProof>
			<IsFireProof>false</IsFireProof>
			<IsMeleeProof>false</IsMeleeProof>
			<IsOnlyDamagedByPlayer>false</IsOnlyDamagedByPlayer>
			<PositionRotation>
				<X>-1440.36658</X>
				<Y>-3182.19458</Y>
				<Z>15.7205753</Z>
				<Pitch>0.016629545</Pitch>
				<Roll>-0.00186213572</Roll>
				<Yaw>9.45229053</Yaw>
			</PositionRotation>
			<Attachment isAttached="true">
				<AttachedTo>112389</AttachedTo>
				<BoneIndex>0</BoneIndex>
				<X>0</X>
				<Y>0.400000095</Y>
				<Z>1.80000043</Z>
				<Pitch>0</Pitch>
				<Roll>0</Roll>
				<Yaw>0</Yaw>
			</Attachment>
		</Attachment>
		<Attachment>
			<ModelHash>0x8d8a26c3</ModelHash>
			<Type>3</Type>
			<Dynamic>false</Dynamic>
			<HashName>v_ilev_trev_patiodoor</HashName>
			<InitialHandle>520708</InitialHandle>
			<OpacityLevel>255</OpacityLevel>
			<LodDistance>16960</LodDistance>
			<IsVisible>true</IsVisible>
			<MaxHealth>1000</MaxHealth>
			<Health>1000</Health>
			<IsOnFire>false</IsOnFire>
			<IsInvincible>false</IsInvincible>
			<IsBulletProof>false</IsBulletProof>
			<IsCollisionProof>false</IsCollisionProof>
			<IsExplosionProof>false</IsExplosionProof>
			<IsFireProof>false</IsFireProof>
			<IsMeleeProof>false</IsMeleeProof>
			<IsOnlyDamagedByPlayer>false</IsOnlyDamagedByPlayer>
			<PositionRotation>
				<X>-1438.95374</X>
				<Y>-3187.63599</Y>
				<Z>13.8189659</Z>
				<Pitch>0.016629545</Pitch>
				<Roll>-0.00186213572</Roll>
				<Yaw>9.45229053</Yaw>
			</PositionRotation>
			<Attachment isAttached="true">
				<AttachedTo>112389</AttachedTo>
				<BoneIndex>0</BoneIndex>
				<X>0.500000119</X>
				<Y>-5.19999743</Y>
				<Z>-0.100000024</Z>
				<Pitch>0</Pitch>
				<Roll>0</Roll>
				<Yaw>0</Yaw>
			</Attachment>
		</Attachment>
		<Attachment>
			<ModelHash>0x2d820ae5</ModelHash>
			<Type>3</Type>
			<Dynamic>false</Dynamic>
			<HashName>prop_v_15_cars_clock</HashName>
			<InitialHandle>517124</InitialHandle>
			<OpacityLevel>255</OpacityLevel>
			<LodDistance>16960</LodDistance>
			<IsVisible>true</IsVisible>
			<MaxHealth>1000</MaxHealth>
			<Health>1000</Health>
			<IsOnFire>false</IsOnFire>
			<IsInvincible>false</IsInvincible>
			<IsBulletProof>false</IsBulletProof>
			<IsCollisionProof>false</IsCollisionProof>
			<IsExplosionProof>false</IsExplosionProof>
			<IsFireProof>false</IsFireProof>
			<IsMeleeProof>false</IsMeleeProof>
			<IsOnlyDamagedByPlayer>false</IsOnlyDamagedByPlayer>
			<PositionRotation>
				<X>-1439.09924</X>
				<Y>-3183.10889</Y>
				<Z>15.5402889</Z>
				<Pitch>0.00186213187</Pitch>
				<Roll>0.0166295469</Roll>
				<Yaw>-80.5477219</Yaw>
			</PositionRotation>
			<Attachment isAttached="true">
				<AttachedTo>112389</AttachedTo>
				<BoneIndex>0</BoneIndex>
				<X>1.09999931</X>
				<Y>-0.709999681</Y>
				<Z>1.62000036</Z>
				<Pitch>0</Pitch>
				<Roll>0</Roll>
				<Yaw>-90.0000153</Yaw>
			</Attachment>
		</Attachment>
		<Attachment>
			<ModelHash>0x2c841b21</ModelHash>
			<Type>3</Type>
			<Dynamic>false</Dynamic>
			<HashName>hei_v_ilev_bk_gate2_pris</HashName>
			<InitialHandle>614660</InitialHandle>
			<OpacityLevel>255</OpacityLevel>
			<LodDistance>16960</LodDistance>
			<IsVisible>true</IsVisible>
			<MaxHealth>1000</MaxHealth>
			<Health>1000</Health>
			<IsOnFire>false</IsOnFire>
			<IsInvincible>false</IsInvincible>
			<IsBulletProof>false</IsBulletProof>
			<IsCollisionProof>false</IsCollisionProof>
			<IsExplosionProof>false</IsExplosionProof>
			<IsFireProof>false</IsFireProof>
			<IsMeleeProof>false</IsMeleeProof>
			<IsOnlyDamagedByPlayer>false</IsOnlyDamagedByPlayer>
			<PositionRotation>
				<X>-1441.11707</X>
				<Y>-3186.57666</Y>
				<Z>13.3693085</Z>
				<Pitch>-0.00186043023</Pitch>
				<Roll>-90.0166245</Roll>
				<Yaw>99.4522858</Yaw>
			</PositionRotation>
			<Attachment isAttached="true">
				<AttachedTo>112389</AttachedTo>
				<BoneIndex>0</BoneIndex>
				<X>-1.46000206</X>
				<Y>-3.80000043</Y>
				<Z>-0.549999475</Z>
				<Pitch>0</Pitch>
				<Roll>-90.0000076</Roll>
				<Yaw>90.0000076</Yaw>
			</Attachment>
		</Attachment>
	</SpoonerAttachments>
</Vehicle>
